title,artist,album,played_at,duration_sec,explicit,release_year
Zombie,The Cranberries,Zombie,2026-02-26 16:31:25,307,False,1994
End of You,Poppy,End of You,2026-02-26 16:28:07,192,False,2025
Otherside,Red Hot Chili Peppers,Californication,2026-02-26 16:23:44,255,False,1999
Bad Guy,Falling in Reverse,Popular Monster,2026-02-26 16:09:35,157,True,2018
Down In A Hole (2022 Remaster),Alice in Chains,Dirt,2026-02-26 15:58:56,338,False,1996
Dead & Bloated,Stone Temple Pilots,Core,2026-02-26 15:53:31,310,False,1992
Paralyzer,Finger Eleven,Them vs. You vs. Me,2026-02-26 15:50:05,208,False,2007
Hurt (Quiet),Nine Inch Nails,Further Down The Spiral,2026-02-26 15:39:02,308,True,1994
Dead Don’t Die,Shinedown,Planet Zero,2026-02-26 15:35:45,194,False,2022
Meant to Live,Switchfoot,The Beautiful Letdown (Deluxe Version),2026-02-26 15:28:25,205,False,2003
Master Of Puppets (Remastered),Metallica,Master of Puppets (Remastered),2026-02-26 15:19:52,515,False,1986
Even If It Kills Me,Papa Roach,Even If It Kills Me,2026-02-26 15:08:38,212,False,2024
Here Without You,3 Doors Down,Away From The Sun,2026-02-26 15:01:00,237,False,2002
Heavy Is the Crown,Linkin Park,From Zero,2026-02-26 14:58:00,167,False,2024
Sober,TOOL,Undertow,2026-02-26 14:52:53,306,True,1993
One Last Breath,Creed,Weathered,2026-02-26 14:42:12,238,False,2001
Welcome To The Jungle,Guns N' Roses,Appetite For Destruction,2026-02-26 14:37:46,271,False,1987
So Called Life,Three Days Grace,EXPLOSIONS,2026-02-26 14:34:21,206,True,2006
Dragula,Rob Zombie,Hellbilly Deluxe,2026-02-26 14:22:40,222,False,1998
Believer,Imagine Dragons,Evolve,2026-02-26 14:08:15,202,False,2017
Fade To Black (Remastered),Metallica,Ride The Lightning (Deluxe Remaster),2026-02-26 14:01:22,417,False,1984
Hey You,Disturbed,Divisive,2026-02-26 13:53:22,268,True,2022
Gone Away,The Offspring,Ixnay On The Hombre,2026-02-26 13:48:58,269,False,1997
Good Riddance (Time of Your Life),Green Day,Nimrod,2026-02-26 13:39:46,153,True,2005
Epic,Faith No More,The Real Thing,2026-02-26 13:32:17,293,False,1989
Bad Guy,Falling in Reverse,Popular Monster,2026-02-26 13:29:37,157,True,2018
Black,Pearl Jam,Ten,2026-02-26 13:23:50,342,False,1991
Bleed It Out,Linkin Park,Minutes to Midnight,2026-02-26 13:21:07,164,True,2007
She Hates Me,Puddle of Mudd,Come Clean,2026-02-26 13:17:29,216,True,2005
Paranoid,Black Sabbath,Paranoid,2026-02-26 13:04:30,168,False,1970
In Bloom,Nirvana,Nevermind,2026-02-26 13:00:17,254,False,1991
Soul to Squeeze,Red Hot Chili Peppers,Greatest Hits,2026-02-26 12:47:40,289,False,1993
Animal I Have Become,Three Days Grace,One-X,2026-02-26 12:38:27,231,False,2006
Highway to Hell,AC/DC,Highway to Hell,2026-02-26 12:34:56,206,False,1979
Ramon Ayala,Giovannie and the Hired Guns,Tejano Punk Boyz,2026-02-26 12:32:10,168,True,2022
Spoonman,Soundgarden,Telephantasm,2026-02-26 12:28:02,246,False,1994
So Cold,Breaking Benjamin,We Are Not Alone,2026-02-26 12:24:11,273,False,2004
Pardon Me,Incubus,Make Yourself,2026-02-26 12:20:48,224,False,1999
Even If It Kills Me,Papa Roach,Even If It Kills Me,2026-02-26 12:10:59,212,False,2024
Creep,Stone Temple Pilots,Core,2026-02-26 12:05:18,334,False,1992
Smooth Criminal,Alien Ant Farm,Anthology,2026-02-26 12:01:45,209,False,2001
Voices In My Head,Falling in Reverse,Popular Monster,2026-02-26 11:58:15,191,True,2017
Daughter,Pearl Jam,Vs.,2026-02-26 11:54:28,234,False,1996
Rx (Medicate),Theory of a Deadman,Wake Up Call,2026-02-26 11:44:37,233,True,2017
Heavy Is the Crown,Linkin Park,From Zero,2026-02-26 11:37:06,167,False,2024
When I Come Around,Green Day,Dookie,2026-02-26 11:22:53,178,False,1994
Dead Don’t Die,Shinedown,Planet Zero,2026-02-26 11:12:26,194,False,2022
Dream On,Aerosmith,Aerosmith,2026-02-26 11:08:03,265,False,1973
Santeria,Sublime,Sublime,2026-02-26 10:50:40,183,False,1996
December,Collective Soul,Collective Soul,2026-02-26 10:31:17,285,False,1995
Bad Guy,Falling in Reverse,Popular Monster,2026-02-26 10:28:32,157,True,2018
Cult of Personality (2023 Remaster),Living Colour,Vivid,2026-02-26 10:15:13,294,False,1988
Someday,Nickelback,The Long Road,2026-02-26 10:11:53,207,False,2003
Sweet Dreams (Are Made Of This),Marilyn Manson,Smells Like Children,2026-02-26 10:04:10,293,False,1994
You're Going Down,Sick Puppies,Tri-polar,2026-02-26 10:01:01,187,True,2009
Brain Stew,Green Day,Insomniac,2026-02-26 09:49:39,193,True,2021
Just Pretend,Bad Omens,THE DEATH OF PEACE OF MIND,2026-02-26 09:40:38,204,False,2021
Bohemian Rhapsody,Queen,A Night At The Opera,2026-02-26 09:29:03,358,False,1975
All Apologies,Nirvana,In Utero,2026-02-26 09:25:10,230,False,1994
Ain't No Rest for the Wicked,Cage the Elephant,Cage The Elephant (Expanded Edition),2026-02-26 09:18:45,175,False,2008
Falling Away from Me,Korn,Issues,2026-02-26 09:03:22,271,True,1999
The Kids Aren't Alright,The Offspring,Americana,2026-02-26 08:40:32,180,False,1999
"Mama, I'm Coming Home",Ozzy Osbourne,No More Tears (Expanded Edition),2026-02-26 08:28:05,251,False,1991
Chop Suey!,System of a Down,Toxicity,2026-02-26 08:21:09,210,False,2002
Like a Stone,Audioslave,Audioslave,2026-02-26 08:03:02,294,False,2002
You Shook Me All Night Long,AC/DC,Back In Black,2026-02-26 07:29:31,208,False,1988
Stressed Out,Twenty One Pilots,Blurryface,2026-02-26 07:22:42,202,False,2015
New Divide,Linkin Park,Papercuts,2026-02-26 07:01:00,269,False,2009
My Own Worst Enemy,Lit,A Place In The Sun,2026-02-26 06:57:54,178,True,1999
Second Chance,Shinedown,The Sound of Madness,2026-02-26 06:47:48,220,False,2008
So Called Life,Three Days Grace,EXPLOSIONS,2026-02-26 06:44:26,206,True,2006
Black Betty,Ram Jam,Ram Jam,2026-02-26 06:34:32,237,False,1994
So Far Away,Staind,14 Shades of Grey,2026-02-26 06:21:02,244,False,2003
Whatever,Godsmack,Godsmack,2026-02-26 06:14:13,206,True,1998
Knockin' On Heaven's Door,Guns N' Roses,Days Of Thunder,2026-02-26 06:08:41,336,False,1991
I Won't Back Down,Tom Petty,Full Moon Fever,2026-02-26 05:58:53,176,False,1989
Voices In My Head,Falling in Reverse,Popular Monster,2026-02-26 05:52:16,191,True,2017
When I'm Gone,3 Doors Down,Away From The Sun,2026-02-26 05:25:10,260,False,2002
Cum on Feel the Noize,Quiet Riot,Metal Health,2026-02-26 05:16:50,287,False,1983
Basket Case,Green Day,Dookie,2026-02-26 04:58:48,181,False,1994
The Man Who Sold The World,Nirvana,MTV Unplugged In New York,2026-02-26 04:55:06,260,False,1994
Sail,AWOLNATION,RE/Sail,2026-02-26 04:51:07,274,False,2011
THE BOTTOM,Daughtry,THE BOTTOM,2026-02-26 04:47:10,232,False,2023
Rollin' (Air Raid Vehicle),Limp Bizkit,Chocolate Starfish And The Hot Dog Flavored Water,2026-02-26 04:43:36,214,False,2000
Enter Sandman,Metallica,Metallica,2026-02-26 04:33:09,331,False,1991
For I Am Death,The Pretty Reckless,For I Am Death,2026-02-26 04:29:24,219,False,2025
Ramon Ayala,Giovannie and the Hired Guns,Tejano Punk Boyz,2026-02-26 04:23:30,168,True,2022
Stupify,Disturbed,The Sickness,2026-02-26 04:19:21,246,False,2016
Comfortably Numb,Pink Floyd,The Wall,2026-02-26 04:09:38,382,False,1979
Heavy Is the Crown,Linkin Park,From Zero,2026-02-26 04:06:48,167,False,2024
Wish You Were Here,Incubus,Morning View,2026-02-26 04:03:13,211,False,2001
Remedy,Seether,Karma and Effect,2026-02-26 03:59:31,207,False,2005
Mother,Danzig,Danzig,2026-02-26 03:56:04,206,True,1993
Even Flow,Pearl Jam,Ten,2026-02-26 03:51:11,294,True,1991
Dying To Love,Bad Omens,Dying To Love,2026-02-26 03:47:17,256,False,2025
With Arms Wide Open,Creed,Human Clay,2026-02-26 03:42:55,278,False,2000
Bawitdaba,Kid Rock,Devil Without a Cause,2026-02-26 03:34:51,265,True,1998
Ensenada,Sublime,Ensenada,2026-02-26 03:32:11,155,True,2025
45,Shinedown,Leave a Whisper,2026-02-26 03:28:01,249,False,2003
Dead & Bloated,Stone Temple Pilots,Core,2026-02-26 03:19:09,310,False,1992
Water Song/Janie's Got A Gun,Aerosmith,Pump,2026-02-26 03:08:30,333,False,1989
Liar,Jelly Roll,Beautifully Broken,2026-02-26 03:05:02,205,False,2024
Sex & Candy,Marcy Playground,Marcy Playground,2026-02-26 03:02:14,172,False,1997
Everlong,Foo Fighters,The Colour And The Shape,2026-02-26 02:57:48,250,False,1997
Rape Me,Nirvana,In Utero,2026-02-26 02:54:57,169,False,1994
I Hate Everything About You,Three Days Grace,Three Days Grace,2026-02-26 02:51:06,231,False,2003
LOOK OUT FOR ME,Turnstile,LOOK OUT FOR ME,2026-02-26 02:47:49,403,False,2025
For Whom The Bell Tolls (Remastered),Metallica,Ride The Lightning (Remastered),2026-02-26 02:42:45,309,False,1994
Good Riddance (Time of Your Life),Green Day,Nimrod,2026-02-26 02:36:47,153,True,2005
Everything Ends,Architects,"The Sky, The Earth & All Between",2026-02-26 02:33:04,220,False,2025
Under the Graveyard,Ozzy Osbourne,Ordinary Man,2026-02-26 02:27:58,299,False,2019
Hey You,Disturbed,Divisive,2026-02-26 02:23:24,268,True,2022
Black,Pearl Jam,Ten,2026-02-26 02:17:39,342,False,1991
"Another Brick in the Wall, Pt. 2",Pink Floyd,The Wall,2026-02-26 02:08:09,238,False,1979
The World I Know,Collective Soul,Collective Soul,2026-02-26 02:01:40,257,False,1995
Duality,Slipknot,Antennas to Hell,2026-02-26 01:57:51,252,False,2004
Pour Some Sugar On Me,Def Leppard,Hysteria,2026-02-26 01:53:23,265,False,1999
Dragula,Rob Zombie,Hellbilly Deluxe,2026-02-26 01:49:36,222,False,1998
Nothin',Guns N' Roses,Nothin',2026-02-26 01:45:13,263,False,2025
Control,Puddle of Mudd,Come Clean,2026-02-26 01:41:27,230,True,2002
Would? (2022 Remaster),Alice in Chains,Dirt,2026-02-26 01:33:41,208,False,1993
Searchlight,Shinedown,Searchlight,2026-02-26 01:30:05,214,False,2025
In the End,Linkin Park,Hybrid Theory,2026-02-26 01:26:33,216,False,2000
Just Pretend,Bad Omens,THE DEATH OF PEACE OF MIND,2026-02-26 01:23:28,204,False,2022
Lightning Crashes,Live,Throwing Copper,2026-02-26 01:18:06,325,False,1994
Black Dog,Led Zeppelin,Led Zeppelin IV (Remastered),2026-02-26 01:09:28,295,False,1990
My Own Prison,Creed,My Own Prison,2026-02-26 01:02:11,295,False,1997
Glycerine,Bush,Sixteen Stone,2026-02-26 00:57:41,266,False,1994
Pale Horse,Chevelle,Bright as Blasphemy,2026-02-26 00:48:41,277,False,2025
Sad But True,Metallica,Metallica,2026-02-26 00:43:17,324,False,1991
Last Kiss,Pearl Jam,Lost Dogs,2026-02-26 00:36:24,195,False,1998
End of You,Poppy,End of You,2026-02-26 00:33:05,192,False,2025
Rockstar,Nickelback,All the Right Reasons,2026-02-26 00:28:50,255,False,2005
So Called Life,Three Days Grace,EXPLOSIONS,2026-02-26 00:25:23,206,True,2006
Over the Mountain,Ozzy Osbourne,Diary Of A Madman,2026-02-26 00:12:53,271,False,1981
Even If It Kills Me,Papa Roach,Even If It Kills Me,2026-02-26 00:09:19,212,False,2024
I Am the Highway,Audioslave,Audioslave,2026-02-26 00:04:04,335,False,2002
Gotta Get Away,The Offspring,Smash,2026-02-26 00:00:01,232,False,1995
Re-Align,Godsmack,Faceless,2026-02-25 23:51:53,261,False,2003
When I Come Around,Green Day,Dookie,2026-02-25 23:48:52,178,False,1994
For I Am Death,The Pretty Reckless,For I Am Death,2026-02-25 23:38:50,219,False,2025
Civil War,Guns N' Roses,Use Your Illusion II,2026-02-25 23:31:12,456,False,2011
ZOMBIFIED,Falling in Reverse,Popular Monster,2026-02-25 23:27:33,218,True,2011
Come As You Are,Nirvana,Nevermind,2026-02-25 23:24:00,218,False,1991
Fly Away,Lenny Kravitz,5,2026-02-25 23:08:19,222,False,1998
Heavy Is the Crown,Linkin Park,From Zero,2026-02-25 23:05:28,167,False,2024
Down In A Hole (2022 Remaster),Alice in Chains,Dirt,2026-02-25 22:59:57,338,False,1996
Drive,Incubus,Make Yourself,2026-02-25 22:55:51,232,False,1999
Stricken,Disturbed,Ten Thousand Fists,2026-02-25 22:51:45,245,False,2005
Dead Don’t Die,Shinedown,Planet Zero,2026-02-25 22:43:39,194,False,2022
"Paint It, Black",The Rolling Stones,Aftermath,2026-02-25 22:40:14,224,False,1990
Yellow Ledbetter,Pearl Jam,Lost Dogs,2026-02-25 22:35:09,304,False,2001
Seven Nation Army,The White Stripes,Elephant,2026-02-25 22:23:23,231,False,2010
All Nightmare Long,Metallica,Death Magnetic,2026-02-25 22:09:33,477,False,2008
Jump In The Fire (Remastered),Metallica,Kill 'Em All (Remastered),2026-02-25 22:04:40,281,False,2004
Schism,TOOL,Lateralus,2026-02-25 21:57:46,407,False,2001
Your Favorite Toy,Foo Fighters,Your Favorite Toy,2026-02-25 21:51:39,176,False,2026
Cold,Crossfade,Cheap Date,2026-02-25 21:48:30,198,False,2003
Smells Like Teen Spirit,Nirvana,Nevermind,2026-02-25 21:37:39,301,False,1991
Everything Ends,Architects,"The Sky, The Earth & All Between",2026-02-25 21:34:03,220,False,2025
Free Fallin',Tom Petty,Full Moon Fever,2026-02-25 21:29:45,254,False,1989
Ramon Ayala,Giovannie and the Hired Guns,Tejano Punk Boyz,2026-02-25 21:27:00,168,True,2022
What I Got,Sublime,Sublime,2026-02-25 21:24:01,181,True,1996
The Kill (Bury Me),Thirty Seconds to Mars,A Beautiful Lie,2026-02-25 21:20:05,231,False,2005
"Touch, Peel And Stand",Days of the New,Days Of The New,2026-02-25 21:09:28,297,False,1997
Bad Guy,Falling in Reverse,Popular Monster,2026-02-25 21:06:45,157,True,2018
Alive,Pearl Jam,Ten,2026-02-25 21:01:06,341,False,1991
Nothin',Guns N' Roses,Nothin',2026-02-25 20:56:31,263,False,2025
So Cold,Breaking Benjamin,We Are Not Alone,2026-02-25 20:52:46,273,False,2004
The Middle,Jimmy Eat World,Bleed American,2026-02-25 20:49:52,166,False,2001
Searchlight,Shinedown,Searchlight,2026-02-25 20:40:33,214,False,2025
Rooster (2022 Remaster),Alice in Chains,Dirt,2026-02-25 20:34:22,374,False,1993
Crawling,Linkin Park,Hybrid Theory,2026-02-25 20:21:44,208,False,2000
Shine,Collective Soul,"Hints, Allegations & Things Left Unsaid",2026-02-25 20:08:47,306,False,1993
Just Pretend,Bad Omens,THE DEATH OF PEACE OF MIND,2026-02-25 20:05:43,204,False,2022
What It's Like,Everlast,Whitey Ford Sings The Blues,2026-02-25 20:00:34,304,False,1998
Heart-Shaped Box,Nirvana,In Utero,2026-02-25 19:52:42,279,False,1993
It's Been Awhile,Staind,Break the Cycle,2026-02-25 19:48:14,264,True,2001
No More Tears,Ozzy Osbourne,No More Tears (Expanded Edition),2026-02-25 19:36:11,443,False,1991
Even If It Kills Me,Papa Roach,Even If It Kills Me,2026-02-25 19:32:31,212,False,2024
Plush,Stone Temple Pilots,Core,2026-02-25 19:27:14,313,False,1995
Hurt,Johnny Cash,American IV: The Man Comes Around,2026-02-25 19:23:39,216,False,2002
She Hates Me,Puddle of Mudd,Come Clean,2026-02-25 19:19:58,216,True,2005
End of You,Poppy,End of You,2026-02-25 19:11:13,192,False,2025
One (Remastered),Metallica,...And Justice for All (Remastered Deluxe Box Set),2026-02-25 19:00:49,446,False,1988
One Last Breath,Creed,Weathered,2026-02-25 18:48:04,238,False,2001
Epic,Faith No More,The Real Thing,2026-02-25 18:37:41,293,False,1989
For I Am Death,The Pretty Reckless,For I Am Death,2026-02-25 18:33:55,219,False,2025
Black Hole Sun,Soundgarden,Superunknown,2026-02-25 18:28:32,318,False,1994
Straight Out Of Line,Godsmack,Faceless,2026-02-25 18:17:47,259,False,2003
Brain Stew,Green Day,Insomniac,2026-02-25 18:14:32,193,True,2021
Heavy Is the Crown,Linkin Park,From Zero,2026-02-25 18:11:45,167,False,2024
Cumbersome,Seven Mary Three,American Standard,2026-02-25 18:07:54,236,False,1995
Land of Confusion,Disturbed,Ten Thousand Fists,2026-02-25 18:03:00,287,False,2005
Hunger Strike,Temple of the Dog,Temple Of The Dog,2026-02-25 17:59:02,243,False,1990
Ensenada,Sublime,Ensenada,2026-02-25 17:48:26,155,True,2025
Toxicity,System of a Down,Toxicity,2026-02-25 17:44:44,218,False,2002
Last Resort,Papa Roach,Infest,2026-02-25 17:35:52,199,False,2004
Big Empty,Stone Temple Pilots,Purple,2026-02-25 17:31:04,294,False,1994
Welcome To The Jungle,Guns N' Roses,Appetite For Destruction,2026-02-25 17:19:29,271,False,1987
Simple Man,Shinedown,Leave a Whisper,2026-02-25 17:14:12,265,False,2009
Pardon Me,Incubus,Make Yourself,2026-02-25 17:02:58,224,False,1999
Youth of the Nation,P.O.D.,Satellite,2026-02-25 16:58:55,256,False,2001
War Is the Answer,Five Finger Death Punch,War Is the Answer,2026-02-25 16:50:16,198,True,2009
Man in the Box,Alice in Chains,Facelift,2026-02-25 16:45:31,286,True,1991
Ramon Ayala,Giovannie and the Hired Guns,Tejano Punk Boyz,2026-02-25 16:42:48,168,True,2022
Back In Black,AC/DC,Back In Black,2026-02-25 16:38:36,253,False,1980
Sail,AWOLNATION,RE/Sail,2026-02-25 16:34:37,274,False,2011
Killing In the Name,Rage Against the Machine,Rage Against The Machine,2026-02-25 16:30:09,313,True,1994
Everything Ends,Architects,"The Sky, The Earth & All Between",2026-02-25 16:26:28,220,False,2025
Bad Guy,Falling in Reverse,Popular Monster,2026-02-25 16:07:45,157,True,2018
I Don't Know,Ozzy Osbourne,Blizzard Of Ozz,2026-02-25 16:02:47,314,False,1980
I Found Love (When I Found You),Kenny Wayne Shepherd,Trouble Is...,2026-02-25 15:58:46,241,False,1997
All My Life,Foo Fighters,One By One (Expanded Edition),2026-02-25 15:54:21,262,False,2002
Kill The Noise,Papa Roach,Ego Trip,2026-02-25 15:51:14,188,True,2021
Sex & Candy,Marcy Playground,Marcy Playground,2026-02-25 15:48:24,172,False,1997
Faint,Linkin Park,Meteora,2026-02-25 15:38:59,162,False,2003
Rape Me,Nirvana,In Utero,2026-02-25 15:36:00,169,False,1994
Like a Stone,Audioslave,Audioslave,2026-02-25 15:23:36,294,False,2002
My Own Worst Enemy,Lit,A Place In The Sun,2026-02-25 15:08:51,178,True,1999
If You Could Only See,Tonic,Lemon Parade,2026-02-25 15:00:15,261,False,1996
Turn The Page,Metallica,"Garage, Inc.",2026-02-25 14:50:53,366,False,2004
Never Too Late,Three Days Grace,One-X,2026-02-25 14:41:05,209,False,2006
Mr. Crowley,Ozzy Osbourne,Blizzard Of Ozz,2026-02-25 14:36:04,296,False,1986
Even If It Kills Me,Papa Roach,Even If It Kills Me,2026-02-25 14:32:31,212,False,2024
Jeremy,Pearl Jam,Ten,2026-02-25 14:27:19,318,True,1992
Heathens,Twenty One Pilots,Suicide Squad: The Album,2026-02-25 14:24:10,195,False,2016
Around the World,Red Hot Chili Peppers,Californication,2026-02-25 14:19:49,238,True,1999
Another One Bites The Dust,Queen,The Game,2026-02-25 14:05:19,217,False,1980
All Apologies,Nirvana,In Utero,2026-02-25 14:01:32,230,False,1994
Heavy Is the Crown,Linkin Park,From Zero,2026-02-25 13:58:34,167,False,2024
Freak On a Leash,Korn,Follow The Leader,2026-02-25 13:54:52,255,True,1999
Headstrong,Trapt,Trapt,2026-02-25 13:44:25,286,False,2002
Dream On,Aerosmith,Aerosmith,2026-02-25 13:40:02,265,False,1973
Wicked Garden,Stone Temple Pilots,Core,2026-02-25 13:32:19,259,False,1992
Aerials,System of a Down,Toxicity,2026-02-25 13:28:35,237,False,2001
Zombie,The Cranberries,Zombie,2026-02-25 13:23:25,307,False,1994
Savior,Rise Against,Appeal To Reason,2026-02-25 13:09:28,242,False,2008
The Unforgiven,Metallica,Metallica,2026-02-25 13:03:00,387,False,2004
Cats In The Cradle,Ugly Kid Joe,America's Least Wanted,2026-02-25 12:58:41,241,False,1992
Live And Let Die,Guns N' Roses,Use Your Illusion I,2026-02-25 12:55:41,179,False,1991
Signs,Tesla,Five Man Acoustical Jam,2026-02-25 12:52:31,194,True,2001
Radar Love,White Lion,Big Game,2026-02-25 12:35:44,359,False,2007
Just a Gigolo / I Ain't Got Nobody,David Lee Roth,Crazy from the Heat,2026-02-25 12:31:27,278,False,1985
Stayed Awake All Night,Krokus,Head Hunter,2026-02-25 12:26:44,264,False,1983
Your Mama Don't Dance,Poison,Open Up And Say . . . Ahh!,2026-02-25 12:23:33,180,False,1988
No Matter What,Lillian Axe,Poetic Justice,2026-02-25 12:20:30,195,False,1992
You're so Vain,Faster Pussycat,Greatest Hits,2026-02-25 12:09:28,249,False,1990
Cum on Feel the Noize,Quiet Riot,Metal Health,2026-02-25 12:04:35,287,False,1983
Everlong,Foo Fighters,The Colour And The Shape,2026-02-25 11:56:47,250,False,1997
Paralyzer,Finger Eleven,Them vs. You vs. Me,2026-02-25 11:53:18,208,False,2007
Bad Guy,Falling in Reverse,Popular Monster,2026-02-25 11:50:31,157,True,2018
Under the Bridge,Red Hot Chili Peppers,Blood Sugar Sex Magik,2026-02-25 11:46:04,264,False,1999
Bodies,Drowning Pool,Sinner,2026-02-25 11:36:46,201,False,2000
Mary Jane's Last Dance,Tom Petty,Greatest Hits,2026-02-25 11:32:14,273,False,1996
So Called Life,Three Days Grace,EXPLOSIONS,2026-02-25 11:28:50,206,True,2006
Radioactive,Imagine Dragons,Night Visions,2026-02-25 11:21:29,187,False,2015
Just Pretend,Bad Omens,THE DEATH OF PEACE OF MIND,2026-02-25 11:07:35,204,False,2022
Dead & Bloated,Stone Temple Pilots,Core,2026-02-25 11:02:20,310,False,1992
Meant to Live,Switchfoot,The Beautiful Letdown (Deluxe Version),2026-02-25 10:59:08,205,False,2003
Enter Sandman,Metallica,Metallica,2026-02-25 10:46:31,331,False,1991
Even If It Kills Me,Papa Roach,Even If It Kills Me,2026-02-25 10:42:57,212,False,2024
Knockin' On Heaven's Door,Guns N' Roses,Days Of Thunder,2026-02-25 10:37:05,336,False,1991
Sound of Madness,Shinedown,The Sound of Madness,2026-02-25 10:33:11,233,False,2008
Alive,Pearl Jam,Ten,2026-02-25 10:27:27,341,False,1991
Liar,Jelly Roll,Beautifully Broken,2026-02-25 10:24:07,205,False,2024
Jump Around,House of Pain,House of Pain (Fine Malt Lyrics),2026-02-25 10:20:28,214,False,1992
I Stand Alone,Godsmack,Faceless,2026-02-25 10:16:31,245,False,2002
Hard To Handle,The Black Crowes,Shake Your Money Maker,2026-02-25 10:13:16,188,False,1990
Boulevard of Broken Dreams,Green Day,American Idiot,2026-02-25 10:08:50,260,True,2004
Heavy Is the Crown,Linkin Park,From Zero,2026-02-25 10:05:56,167,False,2024
Something In The Way,Nirvana,Nevermind,2026-02-25 10:02:16,231,False,1991
Down with the Sickness,Disturbed,The Sickness,2026-02-25 09:58:15,277,False,2000
Nightmare,Avenged Sevenfold,Nightmare,2026-02-25 09:48:10,374,True,2010
Spoonman,Soundgarden,Telephantasm,2026-02-25 09:37:53,246,False,1994
Ramon Ayala,Giovannie and the Hired Guns,Tejano Punk Boyz,2026-02-25 09:33:32,168,True,2022
Kryptonite,3 Doors Down,The Better Life,2026-02-25 09:29:36,234,False,2001
Iron Man,Black Sabbath,Paranoid,2026-02-25 09:20:08,355,False,1992
Fat Lip,Sum 41,"All Killer, No Filler",2026-02-25 09:06:21,182,True,2001
Dead Don’t Die,Shinedown,Planet Zero,2026-02-25 08:53:39,194,False,2022
Footsteps,Pop Evil,UP,2026-02-25 08:41:08,263,False,2015
Scar Tissue,Red Hot Chili Peppers,Californication,2026-02-25 08:22:43,215,False,1999
How You Remind Me,Nickelback,Silver Side Up,2026-02-25 07:01:35,223,False,2001
Hey You,Disturbed,Divisive,2026-02-25 06:55:51,268,True,2022
One (Remastered),Metallica,...And Justice for All (Remastered Deluxe Box Set),2026-02-25 06:32:02,446,False,1988
Dragula,Rob Zombie,Hellbilly Deluxe,2026-02-25 06:22:16,222,False,1998
Sweet Emotion,Aerosmith,Toys In The Attic,2026-02-25 06:09:57,274,False,1978
Brain Stew,Green Day,Insomniac,2026-02-25 05:32:22,193,True,2021
Cult of Personality (2023 Remaster),Living Colour,Vivid,2026-02-25 05:13:35,294,False,1988
Fine Again,Seether,Disclaimer,2026-02-25 05:04:31,244,False,2002
Outside,Staind,Break the Cycle,2026-02-25 04:59:22,293,False,2002
We Will Rock You,Queen,News of the World,2026-02-25 04:54:22,123,False,1977
Searchlight,Shinedown,Searchlight,2026-02-25 04:31:41,214,False,2025
Lithium,Nirvana,Nevermind,2026-02-25 04:19:44,255,False,1994
She Hates Me,Puddle of Mudd,Come Clean,2026-02-25 04:03:12,216,True,2005
Closer,Nine Inch Nails,The Downward Spiral,2026-02-25 03:58:32,373,True,2005
Creep,Stone Temple Pilots,Core,2026-02-25 03:53:00,334,False,1992
My Way,Limp Bizkit,Greatest Hitz,2026-02-25 03:48:24,273,True,2001
Nothin',Guns N' Roses,Nothin',2026-02-25 03:43:56,263,False,2025
Falling Away from Me,Korn,Issues,2026-02-25 03:39:31,271,True,1999
Fade To Black (Remastered),Metallica,Ride The Lightning (Deluxe Remaster),2026-02-25 03:29:13,417,False,1984
Ain't No Rest for the Wicked,Cage the Elephant,Cage The Elephant (Expanded Edition),2026-02-25 03:22:44,175,False,2008
Kill The Noise,Papa Roach,Ego Trip,2026-02-25 03:19:37,188,True,2021
Jeremy,Pearl Jam,Ten,2026-02-25 03:14:22,318,True,1992
Epic,Faith No More,The Real Thing,2026-02-25 03:08:00,293,False,1989
Drive,Incubus,Make Yourself,2026-02-25 03:01:23,232,False,1999
I Won't Back Down,Tom Petty,Full Moon Fever,2026-02-25 02:58:12,176,False,1989
Comedown,Bush,Sixteen Stone,2026-02-25 02:52:44,326,False,1997
Alive,P.O.D.,Satellite,2026-02-25 02:45:24,203,False,2002
Pretty Fly (For A White Guy),The Offspring,Americana,2026-02-25 02:38:25,189,False,1998
For I Am Death,The Pretty Reckless,For I Am Death,2026-02-25 02:34:37,219,False,2025
Here Without You,3 Doors Down,Away From The Sun,2026-02-25 02:30:46,237,False,2002
Just Pretend,Bad Omens,THE DEATH OF PEACE OF MIND,2026-02-25 02:27:41,204,False,2022
Bullet With Butterfly Wings,Smashing Pumpkins,Mellon Collie And The Infinite Sadness,2026-02-25 02:23:23,256,False,1996
Ramon Ayala,Giovannie and the Hired Guns,Tejano Punk Boyz,2026-02-25 02:07:46,168,True,2022
If You Could Only See,Tonic,Lemon Parade,2026-02-25 02:03:38,261,False,1996
Voices,Disturbed,The Sickness,2026-02-25 02:00:11,191,True,2001
Pale Horse,Chevelle,Bright as Blasphemy,2026-02-25 01:45:15,277,False,2025
Man in the Box,Alice in Chains,Facelift,2026-02-25 01:40:26,286,True,1991
Around the World,Red Hot Chili Peppers,Californication,2026-02-25 01:32:40,238,True,1999
Just Like You,Three Days Grace,Three Days Grace,2026-02-25 01:26:47,186,False,2003
Dead Don’t Die,Shinedown,Planet Zero,2026-02-25 01:23:27,194,False,2022
All Apologies,Nirvana,In Utero,2026-02-25 01:19:37,230,False,1996
No More Tears,Ozzy Osbourne,No More Tears (Expanded Edition),2026-02-25 01:09:05,443,False,1991
Killing In the Name,Rage Against the Machine,Rage Against The Machine,2026-02-25 00:57:56,313,True,1994
So Far Away,Staind,14 Shades of Grey,2026-02-25 00:53:53,244,False,2003
Every Rose Has Its Thorn,Poison,Open Up And Say . . . Ahh!,2026-02-25 00:49:34,258,False,1991
Sober,TOOL,Undertow,2026-02-25 00:44:29,306,True,1993
LOOK OUT FOR ME,Turnstile,LOOK OUT FOR ME,2026-02-25 00:41:08,403,False,2025
Believer,Imagine Dragons,Evolve,2026-02-25 00:37:45,202,False,2017
Interstate Love Song,Stone Temple Pilots,Purple,2026-02-25 00:30:01,193,False,1994
Everything Ends,Architects,"The Sky, The Earth & All Between",2026-02-25 00:26:18,220,False,2025
You're Going Down,Sick Puppies,Tri-polar,2026-02-25 00:23:12,187,True,2009
Heavy Is the Crown,Linkin Park,From Zero,2026-02-25 00:20:21,167,False,2024
December,Collective Soul,Collective Soul,2026-02-25 00:15:41,285,False,1995
Hey You,Disturbed,Divisive,2026-02-25 00:03:33,268,True,2022
Daughter,Pearl Jam,Vs.,2026-02-24 23:59:49,234,False,1996
Like a Stone,Audioslave,Audioslave,2026-02-24 23:36:51,294,False,2003
Searchlight,Shinedown,Searchlight,2026-02-24 23:33:20,214,False,2025
Back In Black,AC/DC,Back In Black,2026-02-24 23:29:03,253,False,1980
Cumbersome,Seven Mary Three,American Standard,2026-02-24 23:22:10,236,False,1995
Sail,AWOLNATION,RE/Sail,2026-02-24 23:18:12,274,False,2011
My Own Prison,Creed,My Own Prison,2026-02-24 22:59:28,295,False,1997
Wicked Garden,Stone Temple Pilots,Core,2026-02-24 22:55:06,259,False,1992
End of You,Poppy,End of You,2026-02-24 22:51:48,192,False,2025
Otherside,Red Hot Chili Peppers,Californication,2026-02-24 22:47:35,255,False,1999
Zombie,Bad Wolves,Disobey,2026-02-24 22:37:39,254,False,2018
So Called Life,Three Days Grace,EXPLOSIONS,2026-02-24 22:34:13,206,True,2006
Black Betty,Ram Jam,Ram Jam,2026-02-24 22:30:12,237,False,1994
I Stay Away,Alice in Chains,Nothing Safe - The Best Of The Box,2026-02-24 22:25:58,254,False,1994
Rape Me,Nirvana,In Utero,2026-02-24 22:20:23,169,False,1994
Duality,Slipknot,Antennas to Hell,2026-02-24 22:16:52,252,False,2004
Leper Messiah (Remastered),Metallica,Master of Puppets (Remastered),2026-02-24 21:56:54,339,False,1986
Nothin',Guns N' Roses,Nothin',2026-02-24 21:48:23,263,False,2025
Breaking the Habit,Linkin Park,Meteora,2026-02-24 21:45:10,196,False,2004
Stupify,Disturbed,The Sickness,2026-02-24 21:40:56,246,False,2016
For I Am Death,The Pretty Reckless,For I Am Death,2026-02-24 21:31:38,219,False,2025
Dream On,Aerosmith,Aerosmith,2026-02-24 21:27:15,265,False,1973
Pardon Me,Incubus,Make Yourself,2026-02-24 21:20:33,224,False,1999
Remedy,Seether,Karma and Effect,2026-02-24 21:17:02,207,False,2005
Spoonman,Soundgarden,Telephantasm,2026-02-24 21:06:58,246,False,1994
Just Pretend,Bad Omens,THE DEATH OF PEACE OF MIND,2026-02-24 21:03:53,204,False,2022
Hurt (Quiet),Nine Inch Nails,Further Down The Spiral,2026-02-24 20:59:01,308,True,1994
Save Me,Shinedown,Us and Them,2026-02-24 20:55:13,213,False,2005
THE BOTTOM,Daughtry,THE BOTTOM,2026-02-24 20:51:21,232,False,2023
Coming Undone,Korn,See You On the Other Side,2026-02-24 20:48:03,199,False,2006
Soul to Squeeze,Red Hot Chili Peppers,Greatest Hits,2026-02-24 20:43:05,289,False,1993
Ensenada,Sublime,Ensenada,2026-02-24 20:34:52,155,True,2025
I Don't Know,Ozzy Osbourne,Blizzard Of Ozz,2026-02-24 20:29:55,314,False,1980
Ramon Ayala,Giovannie and the Hired Guns,Tejano Punk Boyz,2026-02-24 20:27:09,168,True,2022
Hunger Strike,Temple of the Dog,Temple Of The Dog,2026-02-24 20:23:14,243,False,1990
I Will Not Bow,Breaking Benjamin,Dear Agony,2026-02-24 20:19:33,216,False,2009
The Kids Aren't Alright,The Offspring,Americana,2026-02-24 20:01:27,180,False,1999
Everything Ends,Architects,"The Sky, The Earth & All Between",2026-02-24 19:57:37,220,False,2025
For Whom The Bell Tolls (Remastered),Metallica,Ride The Lightning (Remastered),2026-02-24 19:52:32,309,False,1984
Paralyzer,Finger Eleven,Them vs. You vs. Me,2026-02-24 19:43:16,208,False,2007
Paradise City,Guns N' Roses,Appetite For Destruction,2026-02-24 19:36:22,406,False,1987
Voices In My Head,Falling in Reverse,Popular Monster,2026-02-24 19:33:12,191,True,2017
My Own Worst Enemy,Lit,A Place In The Sun,2026-02-24 19:30:21,178,True,1999
Hail to the King,Avenged Sevenfold,Hail to the King,2026-02-24 19:25:20,305,False,2013
The Man Who Sold The World,Nirvana,MTV Unplugged In New York,2026-02-24 19:21:43,260,False,1994
Heavy Is the Crown,Linkin Park,From Zero,2026-02-24 19:12:00,167,False,2024
Sweet Dreams (Are Made Of This),Marilyn Manson,Smells Like Children,2026-02-24 19:07:27,293,False,1994
Lose Yourself,Eminem,8 Mile,2026-02-24 19:03:03,321,False,2002
Even Flow,Pearl Jam,Ten,2026-02-24 18:53:55,294,True,1991
Crazy Bitch,Buckcherry,15,2026-02-24 18:50:36,202,True,2006
Searchlight,Shinedown,Searchlight,2026-02-24 18:36:31,214,False,2025
Rooster (2022 Remaster),Alice in Chains,Dirt,2026-02-24 18:30:25,374,False,1995
Animal I Have Become,Three Days Grace,One-X,2026-02-24 18:20:08,231,False,2006
Rollin' (Air Raid Vehicle),Limp Bizkit,Chocolate Starfish And The Hot Dog Flavored Water,2026-02-24 18:16:37,214,False,2000
Hemorrhage (In My Hands),Fuel,Something Like Human,2026-02-24 18:09:08,236,False,2000
Someday,Nickelback,The Long Road,2026-02-24 18:05:52,207,False,2003
Nothing Else Matters,Metallica,Metallica,2026-02-24 17:59:29,388,False,1996
Rx (Medicate),Theory of a Deadman,Wake Up Call,2026-02-24 17:45:28,233,True,2017
Shine,Collective Soul,"Hints, Allegations & Things Left Unsaid",2026-02-24 17:40:14,306,False,1993
I Stand Alone,Godsmack,Faceless,2026-02-24 17:36:22,245,False,2002
Creep,Stone Temple Pilots,Core,2026-02-24 17:30:51,334,False,1992
Over the Hills and Far Away,Led Zeppelin,Houses of the Holy,2026-02-24 17:15:58,290,False,1973
When I'm Gone,3 Doors Down,Away From The Sun,2026-02-24 17:11:47,260,False,2002
Bad Guy,Falling in Reverse,Popular Monster,2026-02-24 17:06:12,157,True,2018
Cold,Crossfade,Cheap Date,2026-02-24 16:57:07,198,False,2003
Santeria,Sublime,Sublime,2026-02-24 16:47:24,183,False,1996
Brain Damage,Pink Floyd,The Dark Side of the Moon,2026-02-24 16:38:36,226,False,1973
Bodies,Drowning Pool,Sinner,2026-02-24 16:35:13,201,False,2000
Wish You Were Here,Incubus,Morning View,2026-02-24 16:31:41,211,False,2001
For I Am Death,The Pretty Reckless,For I Am Death,2026-02-24 16:27:51,219,False,2025
Something In The Way,Nirvana,Nevermind,2026-02-24 16:24:04,231,False,1991
Seven Nation Army,The White Stripes,Elephant,2026-02-24 16:20:03,231,False,2010
Just Pretend,Bad Omens,THE DEATH OF PEACE OF MIND,2026-02-24 16:09:30,204,False,2022
You Shook Me All Night Long,AC/DC,Back In Black,2026-02-24 16:05:54,208,False,1988
Californication,Red Hot Chili Peppers,Californication,2026-02-24 16:00:34,329,False,1999
Even If It Kills Me,Papa Roach,Even If It Kills Me,2026-02-24 15:52:46,212,False,2024
She Hates Me,Puddle of Mudd,Come Clean,2026-02-24 15:49:13,216,True,2005
Send the Pain Below,Chevelle,Wonder What's Next (Expanded Edition),2026-02-24 15:39:08,252,False,2002
Good Riddance (Time of Your Life),Green Day,Nimrod,2026-02-24 15:36:32,153,True,2005
So Called Life,Three Days Grace,EXPLOSIONS,2026-02-24 15:33:02,206,True,2006
"Mama, I'm Coming Home",Ozzy Osbourne,No More Tears (Expanded Edition),2026-02-24 15:28:54,251,False,1991
Centuries,Fall Out Boy,American Beauty/American Psycho,2026-02-24 15:25:06,231,False,2014
Glycerine,Bush,Sixteen Stone,2026-02-24 15:20:54,266,False,1994
Heavy Is the Crown,Linkin Park,From Zero,2026-02-24 15:10:32,167,False,2024
Alive,Pearl Jam,Ten,2026-02-24 15:04:48,341,False,1991
Second Chance,Shinedown,The Sound of Madness,2026-02-24 15:01:12,220,False,2008
I Am the Highway,Audioslave,Audioslave,2026-02-24 14:52:10,335,False,2002
Fake It,Seether,Finding Beauty In Negative Spaces,2026-02-24 14:41:46,194,False,2008
Free Fallin',Tom Petty,Full Moon Fever,2026-02-24 14:37:32,254,False,1989
Hey You,Disturbed,Divisive,2026-02-24 14:33:03,268,True,2022
The Middle,Jimmy Eat World,Bleed American,2026-02-24 14:30:14,166,False,2001
Sad But True,Metallica,Metallica,2026-02-24 14:19:56,324,False,1991
Bad Guy,Falling in Reverse,Popular Monster,2026-02-24 14:11:13,157,True,2018
Plush,Stone Temple Pilots,Core,2026-02-24 14:05:57,313,False,1995
Behind Blue Eyes,Limp Bizkit,Behind Blue Eyes,2026-02-24 14:01:28,270,False,2003
Liar,Jelly Roll,Beautifully Broken,2026-02-24 13:57:56,205,False,2024
Snow (Hey Oh),Red Hot Chili Peppers,The Studio Album Collection 1991 - 2011,2026-02-24 13:43:47,334,False,2006
We Will Rock You,Queen,News of the World,2026-02-24 13:38:43,123,False,1977
Just Pretend,Bad Omens,THE DEATH OF PEACE OF MIND,2026-02-24 13:35:39,204,False,2022
"Touch, Peel And Stand",Days of the New,Days Of The New,2026-02-24 13:30:28,297,False,1997
Click Click Boom,Saliva,Back Into Your System,2026-02-24 13:26:12,254,False,2001
If You Could Only See,Tonic,Lemon Parade,2026-02-24 13:22:06,261,False,2000
Ramon Ayala,Giovannie and the Hired Guns,Tejano Punk Boyz,2026-02-24 13:11:25,168,True,2022
Simple Man,Lynyrd Skynyrd,Pronounced 'Leh-'Nérd 'Skin-'Nérd,2026-02-24 13:05:27,355,False,1993
Under the Graveyard,Ozzy Osbourne,Ordinary Man,2026-02-24 12:55:36,299,False,2019
Even If It Kills Me,Papa Roach,Even If It Kills Me,2026-02-24 12:51:56,212,False,2024
Lightning Crashes,Live,Throwing Copper,2026-02-24 12:46:25,325,False,1994
Through Glass,Stone Sour,Come What(ever) May,2026-02-24 12:35:34,282,False,2006
Immigrant Song,Led Zeppelin,Led Zeppelin III,2026-02-24 12:33:10,146,False,1993
Voices In My Head,Falling in Reverse,Popular Monster,2026-02-24 12:29:58,191,True,2017
Self Esteem,The Offspring,Smash,2026-02-24 12:25:32,257,False,1994
The Sound of Silence,Disturbed,Immortalized,2026-02-24 12:21:24,248,False,2015
Brain Stew,Green Day,Insomniac,2026-02-24 12:18:11,193,True,2021
Heavy Is the Crown,Linkin Park,From Zero,2026-02-24 12:09:05,167,False,2024
Wherever I May Roam,Metallica,Metallica,2026-02-24 12:02:25,404,False,1991
Bullet With Butterfly Wings,Smashing Pumpkins,Mellon Collie And The Infinite Sadness,2026-02-24 11:54:28,256,False,1995
Drive,Incubus,Make Yourself,2026-02-24 11:46:56,232,False,1999
Rockstar,Nickelback,All the Right Reasons,2026-02-24 11:36:42,255,False,2005
"Another Brick in the Wall, Pt. 2",Pink Floyd,The Wall,2026-02-24 11:32:24,238,False,1979
Dead Don’t Die,Shinedown,Planet Zero,2026-02-24 11:29:06,194,False,2022
Whatever,Godsmack,Godsmack,2026-02-24 11:25:40,206,True,1998
"Paint It, Black",The Rolling Stones,Aftermath,2026-02-24 11:05:56,224,False,1990
Black Hole Sun,Soundgarden,Superunknown,2026-02-24 11:00:41,318,False,1994
Monsters (feat. blackbear),All Time Low,"Wake Up, Sunshine",2026-02-24 10:50:49,174,True,2020
Bad Guy,Falling in Reverse,Popular Monster,2026-02-24 10:43:28,157,True,2018
Sweet Emotion,Aerosmith,Toys In The Attic,2026-02-24 10:38:40,274,False,1978
The Kill (Bury Me),Thirty Seconds to Mars,A Beautiful Lie,2026-02-24 10:34:42,231,False,2005
Down In A Hole (2022 Remaster),Alice in Chains,Dirt,2026-02-24 10:29:09,338,False,1996
So Called Life,Three Days Grace,EXPLOSIONS,2026-02-24 10:25:39,206,True,2006
Wrong Way,Sublime,Sublime,2026-02-24 10:23:14,136,True,1998
Here Without You,3 Doors Down,Away From The Sun,2026-02-24 10:19:19,237,False,2002
Wanted Dead Or Alive,Bon Jovi,Slippery When Wet,2026-02-24 10:15:09,308,False,1986
So Far Away,Staind,14 Shades of Grey,2026-02-24 10:11:09,244,False,2003
Just Pretend,Bad Omens,THE DEATH OF PEACE OF MIND,2026-02-24 10:08:03,204,False,2022
What It's Like,Everlast,Whitey Ford Sings The Blues,2026-02-24 10:03:06,304,False,1998
Not Falling,Mudvayne,The End Of All Things To Come,2026-02-24 09:59:02,244,False,2002
Freak On a Leash,Korn,Follow The Leader,2026-02-24 09:54:59,255,True,1999
Crawling,Linkin Park,Hybrid Theory,2026-02-24 09:46:58,208,False,2000
Hey You,Disturbed,Divisive,2026-02-24 09:32:30,268,True,2022
Highway to Hell,AC/DC,Highway to Hell,2026-02-24 09:25:58,206,False,1979
Radioactive,Imagine Dragons,Night Visions,2026-02-24 09:20:01,187,False,2015
Sober,TOOL,Undertow,2026-02-24 09:02:39,306,True,1993
Kill The Noise,Papa Roach,Ego Trip,2026-02-24 08:52:52,188,True,2021
In Bloom,Nirvana,Nevermind,2026-02-24 08:31:35,254,False,1991
Another One Bites The Dust,Queen,The Game,2026-02-24 08:28:03,217,False,1980
It's Been Awhile,Staind,Break the Cycle,2026-02-24 08:19:25,264,True,2001
What I've Done,Linkin Park,Minutes to Midnight,2026-02-24 07:50:42,205,False,2007
Welcome To The Jungle,Guns N' Roses,Appetite For Destruction,2026-02-24 07:39:17,271,False,1987
Voices In My Head,Falling in Reverse,Popular Monster,2026-02-24 07:31:30,191,True,2017
Straight Out Of Line,Godsmack,Faceless,2026-02-24 07:03:42,259,False,2003
War Is the Answer,Five Finger Death Punch,War Is the Answer,2026-02-24 06:49:37,198,True,2009
Mr. Crowley,Ozzy Osbourne,Blizzard Of Ozz,2026-02-24 06:31:25,296,False,1986
So Cold,Breaking Benjamin,We Are Not Alone,2026-02-24 06:14:36,273,False,2004
Never Too Late,Three Days Grace,One-X,2026-02-24 05:53:42,209,False,2006
Sweet Dreams (Are Made Of This),Marilyn Manson,Smells Like Children,2026-02-24 05:25:13,293,False,1994
Remedy,Seether,Karma and Effect,2026-02-24 05:18:39,207,False,2005
Blurry,Puddle of Mudd,Come Clean,2026-02-24 04:57:11,303,False,2001
Dying To Love,Bad Omens,Dying To Love,2026-02-24 04:53:07,256,False,2025
I Stay Away,Alice in Chains,Nothing Safe - The Best Of The Box,2026-02-24 04:48:54,254,False,1994
Ensenada,Sublime,Ensenada,2026-02-24 04:36:26,155,True,2025
Meant to Live,Switchfoot,The Beautiful Letdown (Deluxe Version),2026-02-24 04:33:06,205,False,2003
Hey You,Disturbed,Divisive,2026-02-24 04:28:33,268,True,2022
Like a Stone,Audioslave,Audioslave,2026-02-24 04:23:40,294,False,2003
Walk,Pantera,Vulgar Display of Power,2026-02-24 04:02:06,315,True,1993
War Pigs / Luke's Wall,Black Sabbath,Paranoid,2026-02-24 03:54:46,474,False,1970
My Own Worst Enemy,Lit,A Place In The Sun,2026-02-24 03:51:53,178,True,1999
THE BOTTOM,Daughtry,THE BOTTOM,2026-02-24 03:48:00,232,False,2023
Re-Align,Godsmack,Faceless,2026-02-24 03:43:42,261,False,2003
Everything Ends,Architects,"The Sky, The Earth & All Between",2026-02-24 03:29:43,220,False,2025
Bother,Stone Sour,Stone Sour,2026-02-24 03:25:45,240,True,2006
Heavy Is the Crown,Linkin Park,From Zero,2026-02-24 03:22:54,167,False,2024
Cult of Personality (2023 Remaster),Living Colour,Vivid,2026-02-24 03:10:15,294,False,1988
Wicked Garden,Stone Temple Pilots,Core,2026-02-24 03:02:40,259,False,1992
More Human Than Human,White Zombie,"Astro Creep: 2000 Songs Of Love, Destruction And Other Synthetic Delusions Of The Electric Head",2026-02-24 02:54:52,272,False,1995
When I Come Around,Green Day,Dookie,2026-02-24 02:51:58,178,False,1994
Your Favorite Toy,Foo Fighters,Your Favorite Toy,2026-02-24 02:44:54,176,False,2026
Come As You Are,Nirvana,Nevermind,2026-02-24 02:41:15,218,False,1991
Searchlight,Shinedown,Searchlight,2026-02-24 02:31:18,215,False,2025
Rooster (2022 Remaster),Alice in Chains,Dirt,2026-02-24 02:17:56,374,False,1993
No More Tears,Ozzy Osbourne,No More Tears (Expanded Edition),2026-02-24 02:08:16,443,False,1991
Creep,Radiohead,Pablo Honey,2026-02-24 02:00:41,238,True,1992
How You Remind Me,Nickelback,Silver Side Up,2026-02-24 01:56:38,223,False,2001
Hard To Handle,The Black Crowes,Shake Your Money Maker,2026-02-24 01:53:28,188,False,1990
Yellow Ledbetter,Pearl Jam,Lost Dogs,2026-02-24 01:48:23,304,False,1992
LOOK OUT FOR ME,Turnstile,LOOK OUT FOR ME,2026-02-24 01:45:02,403,False,2025
Smooth Criminal,Alien Ant Farm,Anthology,2026-02-24 01:41:33,209,False,2001
Far Behind,Candlebox,Candlebox,2026-02-24 01:32:12,299,False,1993
End of You,Poppy,End of You,2026-02-24 01:28:54,192,False,2025
One Last Breath,Creed,Weathered,2026-02-24 01:24:53,238,False,2001
Just Pretend,Bad Omens,THE DEATH OF PEACE OF MIND,2026-02-24 01:21:49,204,False,2022
What I Got,Sublime,Sublime,2026-02-24 01:18:54,181,True,1996
Sweet Child O' Mine,Guns N' Roses,Appetite For Destruction,2026-02-24 01:09:02,355,False,1987
ZOMBIFIED,Falling in Reverse,Popular Monster,2026-02-24 01:05:20,218,True,2011
I Found Love (When I Found You),Kenny Wayne Shepherd,Trouble Is...,2026-02-24 01:01:17,241,False,1997
Gotta Get Away,The Offspring,Smash,2026-02-24 00:57:14,232,False,1995
Brain Stew,Green Day,Insomniac,2026-02-24 00:54:01,193,True,2021
When I'm Gone,3 Doors Down,Away From The Sun,2026-02-24 00:49:46,260,False,2002
Wherever I May Roam,Metallica,Metallica,2026-02-24 00:30:03,404,False,1991
For I Am Death,The Pretty Reckless,For I Am Death,2026-02-24 00:26:16,219,False,2025
"Sugar, We're Goin Down",Fall Out Boy,From Under The Cork Tree,2026-02-24 00:22:43,232,False,2005
Plush,Stone Temple Pilots,Core,2026-02-24 00:14:11,313,False,1995
Epic,Faith No More,The Real Thing,2026-02-24 00:06:40,293,False,1989
Jump Around,House of Pain,House of Pain (Fine Malt Lyrics),2026-02-23 23:54:24,214,False,1992
The Diary of Jane,Breaking Benjamin,Phobia,2026-02-23 23:51:08,198,False,2006
Nothin',Guns N' Roses,Nothin',2026-02-23 23:46:47,263,False,2025
Fake It,Seether,Finding Beauty In Negative Spaces,2026-02-23 23:43:37,194,False,2008
Comedown,Bush,Sixteen Stone,2026-02-23 23:34:38,326,False,1997
Ensenada,Sublime,Ensenada,2026-02-23 23:32:08,155,True,2025
Flying High Again,Ozzy Osbourne,Diary Of A Madman,2026-02-23 23:27:23,284,False,1981
Voices In My Head,Falling in Reverse,Popular Monster,2026-02-23 23:24:11,191,True,2017
Last Kiss,Pearl Jam,Lost Dogs,2026-02-23 23:20:58,195,False,1998
MONSTERS,Shinedown,ATTENTION ATTENTION,2026-02-23 23:16:48,248,False,2018
Falling Away from Me,Korn,Issues,2026-02-23 23:06:40,271,True,1999
Heavy Is the Crown,Linkin Park,From Zero,2026-02-23 23:03:52,167,False,2024
Voodoo / Hidden Track,Godsmack,Godsmack,2026-02-23 22:59:14,543,False,1998
Lithium,Nirvana,Nevermind,2026-02-23 22:54:43,255,False,1994
Everything Ends,Architects,"The Sky, The Earth & All Between",2026-02-23 22:51:04,220,False,2025
Ain't No Rest for the Wicked,Cage the Elephant,Cage The Elephant (Expanded Edition),2026-02-23 22:45:40,175,False,2008
Hey You,Disturbed,Divisive,2026-02-23 22:36:40,268,True,2022
Tuesday's Gone,Lynyrd Skynyrd,Lynyrd Skynyrd,2026-02-23 22:29:04,452,False,2006
Gone Away,The Offspring,Ixnay On The Hombre,2026-02-23 22:24:39,269,False,1997
Dragula,Rob Zombie,Hellbilly Deluxe,2026-02-23 22:17:16,222,False,1998
Snow (Hey Oh),Red Hot Chili Peppers,The Studio Album Collection 1991 - 2011,2026-02-23 22:13:20,334,False,2006
Now That We're Dead,Metallica,Hardwired…To Self-Destruct (Deluxe),2026-02-23 22:03:10,419,False,2016
Blitzkrieg,Metallica,"Garage, Inc.",2026-02-23 21:59:37,216,False,1998
Far Behind,Candlebox,Candlebox,2026-02-23 21:54:35,299,False,1993
Nightmare,Avenged Sevenfold,Nightmare,2026-02-23 21:49:27,374,True,2010
THE BOTTOM,Daughtry,THE BOTTOM,2026-02-23 21:45:32,232,False,2023
Killing In the Name,Rage Against the Machine,Rage Against The Machine,2026-02-23 21:33:44,313,True,1993
Searchlight,Shinedown,Searchlight,2026-02-23 21:30:17,215,False,2025
Immigrant Song,Led Zeppelin,Led Zeppelin III,2026-02-23 21:27:50,146,False,1993
So Called Life,Three Days Grace,EXPLOSIONS,2026-02-23 21:24:23,206,True,2006
Creep,Stone Temple Pilots,Core,2026-02-23 21:18:52,334,False,1992
Bleed It Out,Linkin Park,Minutes to Midnight,2026-02-23 21:16:07,164,True,2007
Santeria,Sublime,Sublime,2026-02-23 21:07:00,183,False,1996
Bad Guy,Falling in Reverse,Popular Monster,2026-02-23 21:04:17,157,True,2018
All Apologies,Nirvana,In Utero,2026-02-23 21:00:29,230,False,1993
Basket Case,Green Day,Dookie,2026-02-23 20:57:15,181,False,1994
Your Favorite Toy,Foo Fighters,Your Favorite Toy,2026-02-23 20:50:47,176,False,2026
Someday,Nickelback,The Long Road,2026-02-23 20:47:37,207,False,2003
End of You,Poppy,End of You,2026-02-23 20:34:04,192,False,2025
Pour Some Sugar On Me,Def Leppard,Hysteria,2026-02-23 20:29:35,265,False,1999
Down In A Hole (2022 Remaster),Alice in Chains,Dirt,2026-02-23 20:21:07,338,False,1996
Just Pretend,Bad Omens,THE DEATH OF PEACE OF MIND,2026-02-23 20:03:18,204,False,2022
Around the World,Red Hot Chili Peppers,Californication,2026-02-23 19:59:16,238,True,1999
Ramon Ayala,Giovannie and the Hired Guns,Tejano Punk Boyz,2026-02-23 19:56:16,168,True,2022
Numb,Linkin Park,Meteora,2026-02-23 19:47:57,187,False,2003
Iron Man,Black Sabbath,Paranoid,2026-02-23 19:36:41,355,False,1995
Even If It Kills Me,Papa Roach,Even If It Kills Me,2026-02-23 19:33:02,212,False,2024
Fly Away,Lenny Kravitz,5,2026-02-23 19:29:24,222,False,1998
Control,Puddle of Mudd,Come Clean,2026-02-23 19:25:39,230,True,2002
Big Empty,Stone Temple Pilots,Purple,2026-02-23 19:20:47,294,False,1994
For I Am Death,The Pretty Reckless,For I Am Death,2026-02-23 19:10:08,219,False,2025
Boulevard of Broken Dreams,Green Day,American Idiot,2026-02-23 19:05:44,260,True,2004
Higher,Creed,Human Clay,2026-02-23 19:01:08,325,False,1999
Drive,Incubus,Make Yourself,2026-02-23 18:53:09,232,False,1999
Prayer,Disturbed,Believe,2026-02-23 18:49:28,218,False,2002
Cum on Feel the Noize,Quiet Riot,Metal Health,2026-02-23 18:38:06,287,False,1983
I Am the Highway,Audioslave,Audioslave,2026-02-23 18:32:52,335,False,2002
Coming Undone,Korn,See You On the Other Side,2026-02-23 18:22:34,199,False,2006
Heart-Shaped Box,Nirvana,In Utero,2026-02-23 18:17:51,279,False,1993
Duality,Slipknot,Antennas to Hell,2026-02-23 18:05:55,252,False,2004
"Touch, Peel And Stand",Days of the New,Days Of The New,2026-02-23 18:00:58,297,False,1997
Everything Ends,Architects,"The Sky, The Earth & All Between",2026-02-23 17:50:32,220,False,2025
Headstrong,Trapt,Trapt,2026-02-23 17:46:45,286,False,2002
Daughter,Pearl Jam,Vs.,2026-02-23 17:42:57,234,False,2000
Outside,Aaron Lewis,The Family Values Tour 1999,2026-02-23 17:39:19,344,True,2000
Sad But True,Metallica,Metallica,2026-02-23 17:33:57,324,False,1991
So Called Life,Three Days Grace,EXPLOSIONS,2026-02-23 17:23:31,206,True,2006
You're Going Down,Sick Puppies,Tri-polar,2026-02-23 17:16:47,187,True,2009
Fine Again,Seether,Disclaimer,2026-02-23 17:04:44,244,False,2002
Aerials,System of a Down,Toxicity,2026-02-23 17:00:56,237,False,2001
Keep Away,Godsmack,Godsmack,2026-02-23 16:56:37,290,False,1998
Under the Graveyard,Ozzy Osbourne,Ordinary Man,2026-02-23 16:51:39,299,False,2019
What It's Like,Everlast,Whitey Ford Sings The Blues,2026-02-23 16:46:39,304,False,1998
Hey You,Disturbed,Divisive,2026-02-23 16:42:12,268,True,2022
I Won't Back Down,Tom Petty,Full Moon Fever,2026-02-23 16:39:20,176,False,1989
Click Click Boom,Saliva,Back Into Your System,2026-02-23 16:35:04,254,False,2001
The Middle,Jimmy Eat World,Bleed American,2026-02-23 16:32:15,166,False,2001
Searchlight,Shinedown,Searchlight,2026-02-23 16:28:37,215,False,2025
Spoonman,Soundgarden,Telephantasm,2026-02-23 16:24:31,246,False,1994
In the End,Linkin Park,Hybrid Theory,2026-02-23 16:20:48,216,False,2000
Bad Guy,Falling in Reverse,Popular Monster,2026-02-23 16:10:34,157,True,2018
Bohemian Rhapsody,Queen,A Night At The Opera,2026-02-23 16:04:40,358,False,1975
Dead & Bloated,Stone Temple Pilots,Core,2026-02-23 15:59:20,310,False,1992
The World I Know,Collective Soul,Collective Soul,2026-02-23 15:52:16,257,False,1995
Smells Like Teen Spirit,Nirvana,Nevermind,2026-02-23 15:36:20,301,False,1991
"Another Brick in the Wall, Pt. 2",Pink Floyd,The Wall,2026-02-23 15:32:11,238,False,1979
Just Pretend,Bad Omens,THE DEATH OF PEACE OF MIND,2026-02-23 15:29:08,204,False,2022
Otherside,Red Hot Chili Peppers,Californication,2026-02-23 15:24:53,255,False,1999
Sail,AWOLNATION,RE/Sail,2026-02-23 15:20:55,274,False,2011
The Kids Aren't Alright,The Offspring,Americana,2026-02-23 15:10:20,180,False,1999
Ramon Ayala,Giovannie and the Hired Guns,Tejano Punk Boyz,2026-02-23 15:07:34,168,True,2022
Walk,Pantera,Vulgar Display of Power,2026-02-23 15:02:45,315,True,1993
Rooster (2022 Remaster),Alice in Chains,Dirt,2026-02-23 14:56:24,374,False,1993
Liar,Jelly Roll,Beautifully Broken,2026-02-23 14:50:02,205,False,2024
When I Come Around,Green Day,Dookie,2026-02-23 14:47:06,178,False,1994
Civil War,Guns N' Roses,Use Your Illusion II,2026-02-23 14:33:48,456,False,2011
Even If It Kills Me,Papa Roach,Even If It Kills Me,2026-02-23 14:30:13,212,False,2024
Black,Pearl Jam,Ten,2026-02-23 14:24:33,342,False,1991
Paralyzer,Finger Eleven,Them vs. You vs. Me,2026-02-23 14:21:06,208,False,2007
Cumbersome,Seven Mary Three,American Standard,2026-02-23 14:17:12,236,False,1995
Voices In My Head,Falling in Reverse,Popular Monster,2026-02-23 14:08:06,191,True,2017
Over the Mountain,Ozzy Osbourne,Diary Of A Madman,2026-02-23 14:03:34,271,False,1981
Heavy Is the Crown,Linkin Park,From Zero,2026-02-23 13:52:47,167,False,2024
What I Got,Sublime,Sublime,2026-02-23 13:49:44,181,True,1996
Water Song/Janie's Got A Gun,Aerosmith,Pump,2026-02-23 13:35:42,333,False,1989
So Called Life,Three Days Grace,EXPLOSIONS,2026-02-23 13:32:15,206,True,2006
Wish You Were Here,Incubus,Morning View,2026-02-23 13:28:44,211,False,2001
With Arms Wide Open,Creed,Human Clay,2026-02-23 13:24:22,278,False,2000
Sober,TOOL,Undertow,2026-02-23 13:19:17,306,True,1993
Hurt (Quiet),Nine Inch Nails,Further Down The Spiral,2026-02-23 13:03:25,308,True,1994
So Far Away,Staind,14 Shades of Grey,2026-02-23 12:59:25,244,False,2003
Hey You,Disturbed,Divisive,2026-02-23 12:54:37,268,True,2022
Blurry,Puddle of Mudd,Come Clean,2026-02-23 12:50:15,303,False,2001
Hunger Strike,Temple of the Dog,Temple Of The Dog,2026-02-23 12:39:49,243,False,1990
Toxicity,System of a Down,Toxicity,2026-02-23 12:36:09,218,False,2002
Bad Guy,Falling in Reverse,Popular Monster,2026-02-23 12:28:56,157,True,2018
Lithium,Nirvana,Nevermind,2026-02-23 12:24:39,255,False,1994
One Step Closer,Linkin Park,Hybrid Theory,2026-02-23 12:22:02,157,False,2001
Rollin' (Air Raid Vehicle),Limp Bizkit,Chocolate Starfish And The Hot Dog Flavored Water,2026-02-23 12:18:30,214,False,2000
Black Betty,Ram Jam,Ram Jam,2026-02-23 12:05:11,237,False,1993
Creep,Radiohead,Pablo Honey,2026-02-23 12:01:19,238,True,1992
Just Pretend,Bad Omens,THE DEATH OF PEACE OF MIND,2026-02-23 11:58:00,204,False,2022
Man in the Box,Alice in Chains,Facelift,2026-02-23 11:53:01,286,True,1991
Broken,Seether,Disclaimer,2026-02-23 11:42:50,260,False,2004
Over the Hills and Far Away,Led Zeppelin,Houses of the Holy,2026-02-23 11:38:04,290,False,1990
Ramon Ayala,Giovannie and the Hired Guns,Tejano Punk Boyz,2026-02-23 11:35:20,168,True,2022
Kryptonite,3 Doors Down,The Better Life,2026-02-23 11:31:31,234,False,2001
Land of Confusion,Disturbed,Ten Thousand Fists,2026-02-23 11:26:37,287,False,2005
Even If It Kills Me,Papa Roach,Even If It Kills Me,2026-02-23 11:12:46,212,False,2024
Seven Nation Army,The White Stripes,Elephant,2026-02-23 11:08:53,231,False,2003
For Whom The Bell Tolls (Remastered),Metallica,Ride The Lightning (Remastered),2026-02-23 11:03:45,309,False,1984
Centuries,Fall Out Boy,American Beauty/American Psycho,2026-02-23 10:53:27,231,False,2014
Come As You Are,Nirvana,Nevermind,2026-02-23 10:49:52,218,False,1991
Heavy Is the Crown,Linkin Park,From Zero,2026-02-23 10:47:02,167,False,2024
Mr. Crowley,Ozzy Osbourne,Blizzard Of Ozz,2026-02-23 10:42:07,296,False,1996
Zombie,Bad Wolves,Disobey,2026-02-23 10:37:56,254,False,2018
My Own Worst Enemy,Lit,A Place In The Sun,2026-02-23 10:34:59,178,True,1999
Dead Don’t Die,Shinedown,Planet Zero,2026-02-23 10:31:45,194,False,2022
Everlong,Foo Fighters,The Colour And The Shape,2026-02-23 10:27:33,250,False,1997
Hail to the King,Avenged Sevenfold,Hail to the King,2026-02-23 10:22:36,305,False,2013
Paradise City,Guns N' Roses,Appetite For Destruction,2026-02-23 10:15:46,406,False,1987
"You're Gonna Go Far, Kid",The Offspring,"Rise And Fall, Rage And Grace",2026-02-23 10:12:49,178,True,2008
Better Man,Pearl Jam,Vitalogy,2026-02-23 10:04:46,269,False,1994
Just Like You,Three Days Grace,Three Days Grace,2026-02-23 10:01:37,186,False,2003
Bodies,Drowning Pool,Sinner,2026-02-23 09:58:00,201,False,2000
My Own Prison,Creed,My Own Prison,2026-02-23 09:49:18,295,False,1997
Heathens,Twenty One Pilots,Suicide Squad: The Album,2026-02-23 09:39:56,195,False,2016
Pardon Me,Incubus,Make Yourself,2026-02-23 09:36:29,224,False,1999
Bad Guy,Falling in Reverse,Popular Monster,2026-02-23 09:30:07,157,True,2018
The Man Who Sold The World,Nirvana,MTV Unplugged In New York,2026-02-23 09:26:19,260,False,1994
Like a Stone,Audioslave,Audioslave,2026-02-23 09:03:43,294,False,2002
Jeremy,Pearl Jam,Ten,2026-02-23 08:52:34,318,True,1992
Just Pretend,Bad Omens,THE DEATH OF PEACE OF MIND,2026-02-23 08:35:36,204,False,2022
Around the World,Red Hot Chili Peppers,Californication,2026-02-23 08:31:30,238,True,1999
Turn The Page,Metallica,"Garage, Inc.",2026-02-23 08:02:33,366,False,2004
Break Stuff,Limp Bizkit,Significant Other,2026-02-23 07:48:17,167,False,1999
Plush,Stone Temple Pilots,Core,2026-02-23 07:30:09,313,False,1993
Wanted Dead Or Alive,Bon Jovi,Slippery When Wet,2026-02-23 07:25:15,308,False,1986
Even If It Kills Me,Papa Roach,Even If It Kills Me,2026-02-23 07:18:17,212,False,2024
I Stay Away,Alice in Chains,Nothing Safe - The Best Of The Box,2026-02-23 07:04:43,254,False,1994
Remedy,Seether,Karma and Effect,2026-02-23 07:01:19,207,False,2005
Heavy Is the Crown,Linkin Park,From Zero,2026-02-23 06:50:42,167,False,2024
Free Fallin',Tom Petty,Full Moon Fever,2026-02-23 06:46:32,254,False,1989
Wherever I May Roam,Metallica,Metallica,2026-02-23 06:36:27,404,False,1991
Monsters (feat. blackbear),All Time Low,"Wake Up, Sunshine",2026-02-23 06:33:09,174,True,2020
Falling Away from Me,Korn,Issues,2026-02-23 06:18:53,271,True,1999
Sweet Home Alabama,Lynyrd Skynyrd,Second Helping,2026-02-23 06:09:17,284,False,1997
Voodoo / Hidden Track,Godsmack,Godsmack,2026-02-23 05:47:24,543,False,1998
Paranoid,Black Sabbath,Paranoid,2026-02-23 05:37:35,168,False,1970
Bullet With Butterfly Wings,Smashing Pumpkins,Mellon Collie And The Infinite Sadness,2026-02-23 05:25:58,256,False,1995
Here Without You,3 Doors Down,Away From The Sun,2026-02-23 05:18:49,237,False,2002
"Paint It, Black",The Rolling Stones,Aftermath,2026-02-23 05:07:15,224,False,1973
Higher,Creed,Human Clay,2026-02-23 05:02:17,325,False,1999
Dead & Bloated,Stone Temple Pilots,Core,2026-02-23 04:56:49,310,False,1992
For You,Staind,Break the Cycle,2026-02-23 04:53:19,206,True,2001
LOOK OUT FOR ME,Turnstile,LOOK OUT FOR ME,2026-02-23 04:50:01,403,False,2025
What It's Like,Everlast,Whitey Ford Sings The Blues,2026-02-23 04:44:59,304,False,1998
Hemorrhage (In My Hands),Fuel,Something Like Human,2026-02-23 04:38:01,236,False,2000
End of You,Poppy,End of You,2026-02-23 04:34:43,192,False,2025
Not Falling,Mudvayne,The End Of All Things To Come,2026-02-23 04:30:34,244,False,2002
So Called Life,Three Days Grace,EXPLOSIONS,2026-02-23 04:27:07,206,True,2006
Every Rose Has Its Thorn,Poison,Open Up And Say . . . Ahh!,2026-02-23 04:09:59,258,False,1991
Shine,Collective Soul,"Hints, Allegations & Things Left Unsaid",2026-02-23 04:02:10,306,False,1993
Immigrant Song,Led Zeppelin,Led Zeppelin III,2026-02-23 03:55:38,146,False,1993
Heart-Shaped Box,Nirvana,In Utero,2026-02-23 03:50:56,279,False,1993
Pale Horse,Chevelle,Bright as Blasphemy,2026-02-23 03:46:21,277,False,2025
Boulevard of Broken Dreams,Green Day,American Idiot,2026-02-23 03:41:58,260,True,2004
Semi-Charmed Life,Third Eye Blind,Third Eye Blind,2026-02-23 03:33:09,268,False,1997
Second Chance,Shinedown,The Sound of Madness,2026-02-23 03:25:41,220,False,2008
Just Pretend,Bad Omens,THE DEATH OF PEACE OF MIND,2026-02-23 03:22:37,204,False,2022
Self Esteem,The Offspring,Smash,2026-02-23 03:18:18,257,False,1994
Ramon Ayala,Giovannie and the Hired Guns,Tejano Punk Boyz,2026-02-23 03:10:01,168,True,2022
The Memory Remains,Metallica,Reload,2026-02-23 02:59:41,279,False,2009
Straight Out Of Line,Godsmack,Faceless,2026-02-23 02:50:31,259,False,2003
Wish You Were Here,Incubus,Morning View,2026-02-23 02:42:29,211,False,2001
Sweet Dreams (Are Made Of This),Marilyn Manson,Smells Like Children,2026-02-23 02:34:44,293,False,1994
Ensenada,Sublime,Ensenada,2026-02-23 02:32:00,155,True,2025
ZOMBIFIED,Falling in Reverse,Popular Monster,2026-02-23 02:24:38,218,True,2011
"Touch, Peel And Stand",Days of the New,Days Of The New,2026-02-23 02:19:40,297,False,1997
Brain Damage,Pink Floyd,The Dark Side of the Moon,2026-02-23 02:09:34,226,False,1973
Even If It Kills Me,Papa Roach,Even If It Kills Me,2026-02-23 02:05:58,212,False,2024
Lithium,Nirvana,Nevermind,2026-02-23 02:01:42,255,False,1998
Behind Blue Eyes,Limp Bizkit,Behind Blue Eyes,2026-02-23 01:56:55,270,False,2003
Back In Black,AC/DC,Back In Black,2026-02-23 01:52:41,253,False,1980
Cumbersome,Seven Mary Three,American Standard,2026-02-23 01:48:43,236,False,1995
Your Favorite Toy,Foo Fighters,Your Favorite Toy,2026-02-23 01:45:39,176,False,2026
Hurt,Johnny Cash,American IV: The Man Comes Around,2026-02-23 01:42:02,216,False,2002
Interstate Love Song,Stone Temple Pilots,Purple,2026-02-23 01:34:15,193,False,1994
Everything Ends,Architects,"The Sky, The Earth & All Between",2026-02-23 01:30:32,220,False,2025
Heavy Is the Crown,Linkin Park,From Zero,2026-02-23 01:24:06,167,False,2024
Black,Pearl Jam,Ten,2026-02-23 01:18:23,342,False,1991
Epic,Faith No More,The Real Thing,2026-02-23 01:09:35,293,False,1989
Hey You,Disturbed,Divisive,2026-02-23 01:05:03,268,True,2022
The World I Know,Collective Soul,Collective Soul,2026-02-23 01:01:15,257,False,1995
Distortion,BABYMETAL,Distortion,2026-02-23 00:48:16,185,False,2018
new way out,Poppy,Negative Spaces,2026-02-23 00:44:37,202,False,2024
One Night Stand,Motörhead,The Wörld Is Ours - Vol 1 Everywhere Further Than Everyplace Else,2026-02-23 00:31:07,227,False,2010
Pledge Your Allegiance,Suicidal Tendencies,How Will I Laugh Tomorrow When I Can't Even Smile Today,2026-02-23 00:26:37,270,True,1993
Trial By Fire,Judas Priest,Trial By Fire,2026-02-23 00:16:35,260,False,2024
"Pool Of Booze, Booze, Booza",Volbeat,"Rewind, Replay, Rebound",2026-02-23 00:11:03,250,True,2005
Battery (Remastered),Metallica,Master of Puppets (Remastered),2026-02-23 00:05:49,312,False,2008
Faith,Ghosty,Five Short Minutes EP,2026-02-23 00:01:23,304,False,2002
Bleeding Hearts,Dawnsuey,Bleeding Hearts,2026-02-22 23:58:13,180,False,
Take It,Taylor Road,Take It,2026-02-22 23:54:03,252,False,
Around the World (La La La La La),Suffer US,Around the World (La La La La La),2026-02-22 23:49:14,303,False,
Numb,Sick Serenity,Numb,2026-02-22 23:38:44,247,False,2002
growing pains,Mind at Large,beginagain,2026-02-22 23:28:53,370,False,
Heavy,Taylor Road,Tattered,2026-02-22 23:18:27,185,False,2008
Hate,Jake Stephens,Hate,2026-02-22 23:08:29,193,False,
My Oath Remains,Bury Us All,My Oath Remains,2026-02-22 22:59:39,259,False,
Wrong Way,Sublime,Sublime,2026-02-22 22:57:14,136,True,1998
THE BOTTOM,Daughtry,THE BOTTOM,2026-02-22 22:53:21,232,False,2023
New Divide,Linkin Park,Papercuts,2026-02-22 22:48:57,269,False,2009
Even Flow,Pearl Jam,Ten,2026-02-22 22:43:59,294,True,1991
End of You,Poppy,End of You,2026-02-22 22:34:52,192,False,2025
Sweet Emotion,Aerosmith,Toys In The Attic,2026-02-22 22:30:16,274,False,2000
Come As You Are,Nirvana,Nevermind,2026-02-22 22:23:40,218,False,1991
The Unforgiven,Metallica,Metallica,2026-02-22 22:07:48,387,False,1991
I Am the Highway,Audioslave,Audioslave,2026-02-22 21:58:57,335,False,2002
Pale Horse,Chevelle,Bright as Blasphemy,2026-02-22 21:54:11,277,False,2025
Blurry,Puddle of Mudd,Come Clean,2026-02-22 21:50:01,303,False,2001
Rooster (2022 Remaster),Alice in Chains,Dirt,2026-02-22 21:37:40,374,False,1993
For I Am Death,The Pretty Reckless,For I Am Death,2026-02-22 21:33:58,219,False,2025
Mother,Danzig,Danzig,2026-02-22 21:30:28,206,True,1993
Dead Don’t Die,Shinedown,Planet Zero,2026-02-22 21:27:14,194,False,2022
The Middle,Jimmy Eat World,Bleed American,2026-02-22 21:24:28,166,False,2001
Fade,Staind,Break the Cycle,2026-02-22 21:20:22,242,False,2001
Daughter,Pearl Jam,Vs.,2026-02-22 21:09:41,234,False,2000
Bad Guy,Falling in Reverse,Popular Monster,2026-02-22 21:07:02,157,True,2018
Californication,Red Hot Chili Peppers,Californication,2026-02-22 21:01:44,329,False,1999
Nothin',Guns N' Roses,Nothin',2026-02-22 20:53:53,263,False,2008
War Is the Answer,Five Finger Death Punch,War Is the Answer,2026-02-22 20:49:34,198,True,2009
Whatever,Godsmack,Godsmack,2026-02-22 20:39:34,206,True,1998
Ensenada,Sublime,Ensenada,2026-02-22 20:36:58,155,True,2025
Stairway To Heaven,Led Zeppelin,Led Zeppelin IV (Remastered),2026-02-22 20:28:55,482,False,1987
So Called Life,Three Days Grace,EXPLOSIONS,2026-02-22 20:25:30,206,True,2006
Brain Stew,Green Day,Insomniac,2026-02-22 20:22:20,193,True,2021
Faint,Linkin Park,Meteora,2026-02-22 20:19:35,162,False,2003
Just Pretend,Bad Omens,THE DEATH OF PEACE OF MIND,2026-02-22 20:06:14,204,False,2022
Turn The Page,Metallica,"Garage, Inc.",2026-02-22 20:00:10,366,False,2010
"You're Gonna Go Far, Kid",The Offspring,"Rise And Fall, Rage And Grace",2026-02-22 19:56:57,178,True,2008
Everything Ends,Architects,"The Sky, The Earth & All Between",2026-02-22 19:53:21,220,False,2025
Glycerine,Bush,Sixteen Stone,2026-02-22 19:49:11,266,False,1994
Broken,Seether,Disclaimer,2026-02-22 19:38:20,260,False,2004
I Won't Back Down,Tom Petty,Full Moon Fever,2026-02-22 19:35:18,176,False,1989
Hey You,Disturbed,Divisive,2026-02-22 19:30:52,268,True,2022
Smells Like Teen Spirit,Nirvana,Nevermind,2026-02-22 19:25:57,301,False,1991
Smooth Criminal,Alien Ant Farm,Anthology,2026-02-22 19:22:28,209,False,2001
Freak On a Leash,Korn,Follow The Leader,2026-02-22 19:18:49,255,True,1999
Even If It Kills Me,Papa Roach,Even If It Kills Me,2026-02-22 19:09:33,212,False,2024
Hunger Strike,Temple of the Dog,Temple Of The Dog,2026-02-22 19:05:35,243,False,1990
Rx (Medicate),Theory of a Deadman,Wake Up Call,2026-02-22 19:01:41,233,True,2017
Sober,TOOL,Undertow,2026-02-22 18:52:53,306,True,1993
Radioactive,Imagine Dragons,Night Visions,2026-02-22 18:44:08,187,False,2013
War Pigs / Luke's Wall,Black Sabbath,Paranoid,2026-02-22 18:37:05,474,False,1970
Re-Align,Godsmack,Faceless,2026-02-22 18:27:02,261,False,2003
For Whom The Bell Tolls (Remastered),Metallica,Ride The Lightning (Remastered),2026-02-22 18:21:58,309,False,1984
Heavy Is the Crown,Linkin Park,From Zero,2026-02-22 18:11:15,167,False,2024
Dead & Bloated,Stone Temple Pilots,Core,2026-02-22 18:06:05,310,False,1992
Toxicity,System of a Down,Toxicity,2026-02-22 18:02:20,218,False,2001
Man in the Box,Alice in Chains,Facelift,2026-02-22 17:57:18,286,True,1991
Voices In My Head,Falling in Reverse,Popular Monster,2026-02-22 17:54:01,191,True,2017
Pardon Me,Incubus,Make Yourself,2026-02-22 17:50:39,224,False,1999
How You Remind Me,Nickelback,Silver Side Up,2026-02-22 17:41:07,223,False,2001
Stupify,Disturbed,The Sickness,2026-02-22 17:30:02,246,False,2016
Snow (Hey Oh),Red Hot Chili Peppers,The Studio Album Collection 1991 - 2011,2026-02-22 17:26:02,334,False,2006
The Man Who Sold The World,Nirvana,MTV Unplugged In New York,2026-02-22 17:22:26,260,False,1994
Ramon Ayala,Giovannie and the Hired Guns,Tejano Punk Boyz,2026-02-22 17:12:56,168,True,2022
Sweet Child O' Mine,Guns N' Roses,Appetite For Destruction,2026-02-22 17:07:03,355,False,1987
Fly Away,Lenny Kravitz,5,2026-02-22 17:03:26,222,False,1998
End of You,Poppy,End of You,2026-02-22 16:53:07,192,False,2025
Creep,Radiohead,Pablo Honey,2026-02-22 16:49:13,238,True,1992
My Way,Limp Bizkit,Greatest Hitz,2026-02-22 16:37:39,273,True,2001
Comfortably Numb,Pink Floyd,The Wall,2026-02-22 16:31:19,382,False,1979
Dead Don’t Die,Shinedown,Planet Zero,2026-02-22 16:28:04,194,False,2022
Hurt (Quiet),Nine Inch Nails,Further Down The Spiral,2026-02-22 16:23:12,308,True,1994
Last Resort,Papa Roach,Infest,2026-02-22 16:19:49,199,False,2004
I Stay Away,Alice in Chains,Nothing Safe - The Best Of The Box,2026-02-22 16:15:40,254,False,1994
Gone Away,The Offspring,Ixnay On The Hombre,2026-02-22 16:02:38,269,False,1997
Coming Undone,Korn,See You On the Other Side,2026-02-22 15:59:14,199,False,2005
So Called Life,Three Days Grace,EXPLOSIONS,2026-02-22 15:55:34,206,True,2006
Over the Hills and Far Away,Led Zeppelin,Houses of the Holy,2026-02-22 15:41:50,290,False,1990
Just Pretend,Bad Omens,THE DEATH OF PEACE OF MIND,2026-02-22 15:38:44,204,False,2022
Fade To Black (Remastered),Metallica,Ride The Lightning (Deluxe Remaster),2026-02-22 15:31:53,417,False,1984
Crawling,Linkin Park,Hybrid Theory,2026-02-22 15:28:23,208,False,2000
Big Empty,Stone Temple Pilots,Purple,2026-02-22 15:23:42,294,False,1994
Hey You,Disturbed,Divisive,2026-02-22 15:11:07,268,True,2022
I Don't Know,Ozzy Osbourne,Blizzard Of Ozz,2026-02-22 15:06:07,314,False,1986
For I Am Death,The Pretty Reckless,For I Am Death,2026-02-22 14:56:54,219,False,2025
Hail to the King,Avenged Sevenfold,Hail to the King,2026-02-22 14:41:07,305,False,2013
You Shook Me All Night Long,AC/DC,Back In Black,2026-02-22 14:37:35,208,False,1997
Killing In the Name,Rage Against the Machine,Rage Against The Machine,2026-02-22 14:30:04,313,True,1993
45,Shinedown,Leave a Whisper,2026-02-22 14:25:50,249,False,2003
What It's Like,Everlast,Whitey Ford Sings The Blues,2026-02-22 14:20:47,304,False,1998
Even If It Kills Me,Papa Roach,Even If It Kills Me,2026-02-22 14:10:39,212,False,2024
Down In A Hole (2022 Remaster),Alice in Chains,Dirt,2026-02-22 14:05:00,338,False,1996
B.Y.O.B.,System of a Down,Mezmerize,2026-02-22 14:00:39,257,True,2005
One (Remastered),Metallica,...And Justice for All (Remastered Deluxe Box Set),2026-02-22 13:53:00,446,False,1988
ZOMBIFIED,Falling in Reverse,Popular Monster,2026-02-22 13:49:17,218,True,2011
I Hate Everything About You,Three Days Grace,Three Days Grace,2026-02-22 13:19:32,231,False,2003
December,Collective Soul,Collective Soul,2026-02-22 13:14:52,285,False,1995
Ramon Ayala,Giovannie and the Hired Guns,Tejano Punk Boyz,2026-02-22 13:06:56,168,True,2022
"Paint It, Black",The Rolling Stones,Aftermath,2026-02-22 13:03:33,224,False,1973
Rape Me,Nirvana,In Utero,2026-02-22 13:00:36,169,False,1994
Ensenada,Sublime,Ensenada,2026-02-22 12:57:43,155,True,2025
Bohemian Rhapsody,Queen,A Night At The Opera,2026-02-22 12:39:36,358,False,1975
Dead Don’t Die,Shinedown,Planet Zero,2026-02-22 12:36:19,194,False,2022
Comedown,Bush,Sixteen Stone,2026-02-22 12:30:38,326,False,1996
When I'm Gone,3 Doors Down,Away From The Sun,2026-02-22 12:26:22,260,False,2002
Enter Sandman,Metallica,Metallica,2026-02-22 12:20:53,331,False,1991
Meant to Live,Switchfoot,The Beautiful Letdown (Deluxe Version),2026-02-22 12:00:20,205,False,2003
Liar,Jelly Roll,Beautifully Broken,2026-02-22 11:56:45,205,False,2024
Numb / Encore,JAY-Z,Collision Course,2026-02-22 11:40:15,205,True,2004
No More Tears,Ozzy Osbourne,No More Tears (Expanded Edition),2026-02-22 11:34:19,443,False,1993
All Apologies,Nirvana,In Utero,2026-02-22 11:27:37,230,False,1996
I Stand Alone,Godsmack,Faceless,2026-02-22 11:23:44,245,False,2002
Self Esteem,The Offspring,Smash,2026-02-22 11:19:16,257,False,1994
So Called Life,Three Days Grace,EXPLOSIONS,2026-02-22 11:08:34,206,True,2006
Knockin' On Heaven's Door,Guns N' Roses,Days Of Thunder,2026-02-22 11:02:56,336,False,1991
Boulevard of Broken Dreams,Green Day,American Idiot,2026-02-22 10:46:49,260,True,2004
Hey You,Disturbed,Divisive,2026-02-22 10:36:57,268,True,2022
Just Pretend,Bad Omens,THE DEATH OF PEACE OF MIND,2026-02-22 10:12:54,204,False,2022
"Touch, Peel And Stand",Days of the New,Days Of The New,2026-02-22 10:07:47,297,False,1997
In Bloom,Nirvana,Nevermind,2026-02-22 09:59:36,254,False,1991
Rollin' (Air Raid Vehicle),Limp Bizkit,Chocolate Starfish And The Hot Dog Flavored Water,2026-02-22 09:53:06,214,False,2000
Runaway,Linkin Park,Hybrid Theory,2026-02-22 09:43:43,183,False,2002
Even If It Kills Me,Papa Roach,Even If It Kills Me,2026-02-22 09:35:33,212,False,2024
All My Life,Foo Fighters,One By One (Expanded Edition),2026-02-22 09:27:41,262,False,2002
Cumbersome,Seven Mary Three,American Standard,2026-02-22 09:23:48,236,False,1995
ZOMBIFIED,Falling in Reverse,Popular Monster,2026-02-22 09:12:55,218,True,2011
Black Dog,Led Zeppelin,Led Zeppelin IV (Remastered),2026-02-22 09:08:00,295,False,1990
Soul to Squeeze,Red Hot Chili Peppers,Greatest Hits,2026-02-22 09:03:10,289,False,1993
Prayer,Disturbed,Believe,2026-02-22 08:59:15,218,False,2002
Searchlight,Shinedown,Searchlight,2026-02-22 08:55:38,215,False,2025
Sweet Dreams (Are Made Of This),Marilyn Manson,Smells Like Children,2026-02-22 08:51:04,293,False,1994
Chop Suey!,System of a Down,Toxicity,2026-02-22 08:40:50,210,False,2002
Free Bird,Lynyrd Skynyrd,Pronounced 'Leh-'Nérd 'Skin-'Nérd,2026-02-22 08:31:46,548,False,1998
Lightning Crashes,Live,Throwing Copper,2026-02-22 08:23:44,325,False,1994
Drive,Incubus,Make Yourself,2026-02-22 08:16:54,232,False,1999
Heavy Is the Crown,Linkin Park,From Zero,2026-02-22 08:07:40,167,False,2024
Just Like You,Three Days Grace,Three Days Grace,2026-02-22 08:00:42,186,False,2003
Voices In My Head,Falling in Reverse,Popular Monster,2026-02-22 07:57:14,191,True,2017
Bullet With Butterfly Wings,Smashing Pumpkins,Mellon Collie And The Infinite Sadness,2026-02-22 07:52:52,256,False,1995
Bodies,Drowning Pool,Sinner,2026-02-22 07:49:29,201,False,2000
Brain Damage,Pink Floyd,The Dark Side of the Moon,2026-02-22 07:00:00,226,False,1973
Better Man,Pearl Jam,Vitalogy,2026-02-22 06:55:34,269,False,1994
Your Favorite Toy,Foo Fighters,Your Favorite Toy,2026-02-22 06:52:35,176,False,2026
Under the Graveyard,Ozzy Osbourne,Ordinary Man,2026-02-22 06:47:36,299,False,2019
Keep Away,Godsmack,Godsmack,2026-02-22 06:37:28,290,False,1998
Feel Good Inc.,Gorillaz,Demon Days,2026-02-22 06:30:27,222,False,2005
Dead & Bloated,Stone Temple Pilots,Core,2026-02-22 06:21:37,310,False,1992
Cum on Feel the Noize,Quiet Riot,Metal Health,2026-02-22 06:09:13,287,False,1983
Sex & Candy,Marcy Playground,Marcy Playground,2026-02-22 06:01:54,172,False,1997
Lithium,Nirvana,Nevermind,2026-02-22 05:57:24,255,False,1994
"Sugar, We're Goin Down",Fall Out Boy,From Under The Cork Tree,2026-02-22 05:53:47,232,False,2005
Pale Horse,Chevelle,Bright as Blasphemy,2026-02-22 05:49:12,277,False,2025
Brain Stew,Green Day,Insomniac,2026-02-22 05:45:58,193,True,2021
Man in the Box,Alice in Chains,Facelift,2026-02-22 05:36:32,286,True,1991
For I Am Death,The Pretty Reckless,For I Am Death,2026-02-22 05:32:45,219,False,2025
Seven Nation Army,The White Stripes,Elephant,2026-02-22 05:28:53,231,False,2010
Hunger Strike,Temple of the Dog,Temple Of The Dog,2026-02-22 05:21:33,243,False,1990
Another One Bites The Dust,Queen,The Game,2026-02-22 05:12:16,217,False,1980
Bad Guy,Falling in Reverse,Popular Monster,2026-02-22 05:09:36,157,True,2018
Gone Away,The Offspring,Ixnay On The Hombre,2026-02-22 04:59:34,269,False,1997
Stressed Out,Twenty One Pilots,Blurryface,2026-02-22 04:56:10,202,False,2015
Over the Mountain,Ozzy Osbourne,Diary Of A Madman,2026-02-22 04:51:36,271,False,1981
Spoonman,Soundgarden,Telephantasm,2026-02-22 04:47:26,246,False,1994
THE BOTTOM,Daughtry,THE BOTTOM,2026-02-22 04:43:29,232,False,2023
Bleed It Out,Linkin Park,Minutes to Midnight,2026-02-22 04:40:43,164,True,2007
Bawitdaba,Kid Rock,Devil Without a Cause,2026-02-22 04:32:42,265,True,1998
Ensenada,Sublime,Ensenada,2026-02-22 04:30:03,155,True,2025
Photograph,Nickelback,All the Right Reasons,2026-02-22 04:25:56,258,False,2005
Just Pretend,Bad Omens,THE DEATH OF PEACE OF MIND,2026-02-22 04:22:49,204,False,2022
Hurt (Quiet),Nine Inch Nails,Further Down The Spiral,2026-02-22 04:17:57,308,True,1994
Free Fallin',Tom Petty,Full Moon Fever,2026-02-22 04:12:23,254,False,1989
Big Empty,Stone Temple Pilots,Purple,2026-02-22 04:04:14,294,False,1994
Land of Confusion,Disturbed,Ten Thousand Fists,2026-02-22 03:54:02,287,False,2005
Nothin',Guns N' Roses,Nothin',2026-02-22 03:49:36,263,False,2025
Voodoo / Hidden Track,Godsmack,Godsmack,2026-02-22 03:44:54,543,False,1998
Californication,Red Hot Chili Peppers,Californication,2026-02-22 03:34:21,329,False,1999
Crazy Bitch,Buckcherry,15,2026-02-22 03:27:13,202,True,2006
Alive,Pearl Jam,Ten,2026-02-22 03:18:30,341,False,1991
Dream On,Aerosmith,Aerosmith,2026-02-22 03:10:50,265,False,1973
Even If It Kills Me,Papa Roach,Even If It Kills Me,2026-02-22 03:07:14,212,False,2024
Sober,TOOL,Undertow,2026-02-22 03:02:08,306,True,1993
Cold,Crossfade,Cheap Date,2026-02-22 02:58:37,198,False,2002
Iron Man,Black Sabbath,Paranoid,2026-02-22 02:52:41,355,False,1995
The Man Who Sold The World,Nirvana,MTV Unplugged In New York,2026-02-22 02:48:56,260,False,1994
LOOK OUT FOR ME,Turnstile,LOOK OUT FOR ME,2026-02-22 02:45:33,403,False,2025
Sail,AWOLNATION,RE/Sail,2026-02-22 02:41:33,274,False,2011
Living Dead Girl,Rob Zombie,Hellbilly Deluxe,2026-02-22 02:33:51,201,False,1998
Searchlight,Shinedown,Searchlight,2026-02-22 02:30:15,215,False,2025
Nightmare,Avenged Sevenfold,Nightmare,2026-02-22 02:25:07,374,True,2010
Heavy Is the Crown,Linkin Park,From Zero,2026-02-22 02:22:16,167,False,2024
I Found Love (When I Found You),Kenny Wayne Shepherd,Trouble Is...,2026-02-22 02:18:15,241,False,1997
Pour Some Sugar On Me,Def Leppard,Hysteria,2026-02-22 02:11:33,265,False,1988
So Called Life,Three Days Grace,EXPLOSIONS,2026-02-22 02:08:07,206,True,2006
Freak On a Leash,Korn,Follow The Leader,2026-02-22 02:04:21,255,True,1999
Jumper,Third Eye Blind,Third Eye Blind,2026-02-22 02:00:02,272,False,1998
Click Click Boom,Saliva,Back Into Your System,2026-02-22 01:50:19,254,False,2001
The Kids Aren't Alright,The Offspring,Americana,2026-02-22 01:43:21,180,False,2008
End of You,Poppy,End of You,2026-02-22 01:31:39,192,False,2025
Snow (Hey Oh),Red Hot Chili Peppers,The Studio Album Collection 1991 - 2011,2026-02-22 01:27:30,334,False,2006
Ramon Ayala,Giovannie and the Hired Guns,Tejano Punk Boyz,2026-02-22 01:24:44,168,True,2022
Down In A Hole (2022 Remaster),Alice in Chains,Dirt,2026-02-22 01:19:11,338,False,1996
"Mama, I'm Coming Home",Ozzy Osbourne,No More Tears (Expanded Edition),2026-02-22 01:11:22,251,False,1993
She Hates Me,Puddle of Mudd,Come Clean,2026-02-22 01:04:04,216,True,2005
Whatever,Godsmack,Godsmack,2026-02-22 01:00:17,206,True,1998
Your Favorite Toy,Foo Fighters,Your Favorite Toy,2026-02-22 00:57:13,176,False,2026
Basket Case,Green Day,Dookie,2026-02-22 00:48:00,181,False,1994
For I Am Death,The Pretty Reckless,For I Am Death,2026-02-22 00:44:11,219,False,2025
Send the Pain Below,Chevelle,Wonder What's Next (Expanded Edition),2026-02-22 00:40:04,252,False,2002
Bad Guy,Falling in Reverse,Popular Monster,2026-02-22 00:37:24,157,True,2018
"Another Brick in the Wall, Pt. 2",Pink Floyd,The Wall,2026-02-22 00:24:15,238,False,1979
Dead Don’t Die,Shinedown,Planet Zero,2026-02-22 00:20:58,194,False,2022
If You Could Only See,Tonic,Lemon Parade,2026-02-22 00:16:50,261,False,1996
Nothin',Guns N' Roses,Nothin',2026-02-21 21:57:06,263,False,2025
Somewhere I Belong,Linkin Park,Meteora,2026-02-21 21:53:33,213,False,2003
In Bloom,Nirvana,Nevermind,2026-02-21 21:49:10,254,False,1991
Everything Ends,Architects,"The Sky, The Earth & All Between",2026-02-21 21:39:43,220,False,2025
Hey You,Disturbed,Divisive,2026-02-21 21:30:06,268,True,2022
Plush,Stone Temple Pilots,Core,2026-02-21 21:24:57,313,False,1993
You're Going Down,Sick Puppies,Tri-polar,2026-02-21 21:21:50,187,True,2009
Wherever I May Roam,Metallica,Metallica,2026-02-21 21:08:17,404,False,1991
Just Pretend,Bad Omens,THE DEATH OF PEACE OF MIND,2026-02-21 21:05:13,204,False,2022
Wish You Were Here,Incubus,Morning View,2026-02-21 21:01:44,211,False,2001
Never Too Late,Three Days Grace,One-X,2026-02-21 20:58:01,209,False,2006
Daughter,Pearl Jam,Vs.,2026-02-21 20:54:22,234,False,2000
LOOK OUT FOR ME,Turnstile,LOOK OUT FOR ME,2026-02-21 20:51:07,403,False,2025
Savior,Rise Against,Appeal To Reason,2026-02-21 20:47:09,242,False,2008
What I Got,Sublime,Sublime,2026-02-21 20:38:14,181,True,1996
Searchlight,Shinedown,Searchlight,2026-02-21 20:34:44,215,False,2025
Mr. Crowley,Ozzy Osbourne,Blizzard Of Ozz,2026-02-21 20:29:48,296,False,1996
Liar,Jelly Roll,Beautifully Broken,2026-02-21 20:26:30,205,False,2024
Walk,Pantera,Vulgar Display of Power,2026-02-21 20:21:31,315,True,1993
So Far Away,Staind,14 Shades of Grey,2026-02-21 20:17:25,244,False,2003
Hemorrhage (In My Hands),Fuel,Something Like Human,2026-02-21 20:07:18,236,False,2000
Even If It Kills Me,Papa Roach,Even If It Kills Me,2026-02-21 20:03:44,212,False,2024
Something In The Way,Nirvana,Nevermind,2026-02-21 20:00:00,231,False,1991
Soul to Squeeze,Red Hot Chili Peppers,Greatest Hits,2026-02-21 19:54:57,289,False,1993
B.Y.O.B.,System of a Down,Mezmerize,2026-02-21 19:50:34,257,True,2005
Comfortably Numb,Pink Floyd,The Wall,2026-02-21 19:37:26,382,False,1979
Man in the Box,Alice in Chains,Facelift,2026-02-21 19:29:49,286,True,1991
The Sound of Silence,Disturbed,Immortalized,2026-02-21 19:25:43,248,False,2015
Blurry,Puddle of Mudd,Come Clean,2026-02-21 19:06:58,303,False,2001
Fade To Black (Remastered),Metallica,Ride The Lightning (Deluxe Remaster),2026-02-21 19:00:08,417,False,1984
Creep,Stone Temple Pilots,Core,2026-02-21 18:51:19,334,False,1992
Someday,Nickelback,The Long Road,2026-02-21 18:42:30,207,False,2003
Highway to Hell,AC/DC,Highway to Hell,2026-02-21 18:38:57,206,False,1979
Black,Pearl Jam,Ten,2026-02-21 18:29:39,342,False,1991
Killing In the Name,Rage Against the Machine,Rage Against The Machine,2026-02-21 18:21:26,313,True,1993
So Called Life,Three Days Grace,EXPLOSIONS,2026-02-21 18:11:03,206,True,2006
Welcome To The Jungle,Guns N' Roses,Appetite For Destruction,2026-02-21 18:06:33,271,False,1987
Smells Like Teen Spirit,Nirvana,Nevermind,2026-02-21 18:01:40,301,False,1991
Shine,Collective Soul,"Hints, Allegations & Things Left Unsaid",2026-02-21 17:48:47,306,False,1993
With Arms Wide Open,Creed,Human Clay,2026-02-21 17:38:05,278,False,2000
Wanted Dead Or Alive,Bon Jovi,Slippery When Wet,2026-02-21 17:34:01,308,False,1986
Kill The Noise,Papa Roach,Ego Trip,2026-02-21 17:30:57,188,True,2021
Glycerine,Bush,Sixteen Stone,2026-02-21 17:26:47,266,False,1994
I Stand Alone,Godsmack,Faceless,2026-02-21 17:22:47,245,False,2002
Under the Bridge,Red Hot Chili Peppers,Blood Sugar Sex Magik,2026-02-21 17:18:24,264,False,1999
Wicked Garden,Stone Temple Pilots,Core,2026-02-21 17:05:40,259,False,1992
Sound of Madness,Shinedown,The Sound of Madness,2026-02-21 17:01:49,233,False,2008
Hey You,Disturbed,Divisive,2026-02-21 16:57:08,268,True,2022
Alive,Pearl Jam,Ten,2026-02-21 16:51:26,341,False,1991
Duality,Slipknot,Antennas to Hell,2026-02-21 16:40:50,252,False,2004
Sweet Emotion,Aerosmith,Toys In The Attic,2026-02-21 16:36:11,274,False,1991
Fine Again,Seether,Disclaimer,2026-02-21 16:28:56,244,False,2002
What I've Done,Linkin Park,Minutes to Midnight,2026-02-21 16:25:32,205,False,2007
Master Of Puppets (Remastered),Metallica,Master of Puppets (Remastered),2026-02-21 16:17:03,515,False,1986
Ramon Ayala,Giovannie and the Hired Guns,Tejano Punk Boyz,2026-02-21 16:08:20,168,True,2022
Epic,Faith No More,The Real Thing,2026-02-21 16:04:21,293,False,1989
I Found Love (When I Found You),Kenny Wayne Shepherd,Trouble Is...,2026-02-21 16:00:21,241,False,1997
Hail to the King,Avenged Sevenfold,Hail to the King,2026-02-21 15:55:05,305,False,2013
Ensenada,Sublime,Ensenada,2026-02-21 15:52:25,155,True,2025
Come As You Are,Nirvana,Nevermind,2026-02-21 15:48:50,218,False,1991
So Cold,Breaking Benjamin,We Are Not Alone,2026-02-21 15:39:08,273,False,2004
Even If It Kills Me,Papa Roach,Even If It Kills Me,2026-02-21 15:29:41,212,False,2024
The Middle,Jimmy Eat World,Bleed American,2026-02-21 15:26:54,166,False,2001
Here Without You,3 Doors Down,Away From The Sun,2026-02-21 15:22:59,237,False,2002
Falling Away from Me,Korn,Issues,2026-02-21 15:18:34,271,True,1999
Dead Don’t Die,Shinedown,Planet Zero,2026-02-21 15:08:03,194,False,2022
Straight Out Of Line,Godsmack,Faceless,2026-02-21 15:04:08,259,False,2003
Even Flow,Pearl Jam,Ten,2026-02-21 14:59:18,294,True,1991
ZOMBIFIED,Falling in Reverse,Popular Monster,2026-02-21 14:55:24,218,True,2011
Creep,Radiohead,Pablo Honey,2026-02-21 14:51:34,238,True,1992
Fade,Staind,Break the Cycle,2026-02-21 14:41:32,242,False,2001
We Will Rock You,Queen,News of the World,2026-02-21 14:36:25,123,False,1977
Heavy Is the Crown,Linkin Park,From Zero,2026-02-21 14:33:38,167,False,2024
For Whom The Bell Tolls (Remastered),Metallica,Ride The Lightning (Remastered),2026-02-21 14:28:33,309,False,1984
Remedy,Seether,Karma and Effect,2026-02-21 14:25:05,207,False,2005
Good Riddance (Time of Your Life),Green Day,Nimrod,2026-02-21 14:22:42,153,True,2005
So Called Life,Three Days Grace,EXPLOSIONS,2026-02-21 14:12:58,206,True,2006
Sweet Child O' Mine,Guns N' Roses,Appetite For Destruction,2026-02-21 14:07:05,355,False,1987
Heart-Shaped Box,Nirvana,In Utero,2026-02-21 14:02:29,279,False,1993
War Is the Answer,Five Finger Death Punch,War Is the Answer,2026-02-21 13:57:52,198,True,2009
Everything Ends,Architects,"The Sky, The Earth & All Between",2026-02-21 13:54:13,220,False,2025
Scar Tissue,Red Hot Chili Peppers,Californication,2026-02-21 13:50:41,215,False,1999
Behind Blue Eyes,Limp Bizkit,Behind Blue Eyes,2026-02-21 13:40:08,270,False,2003
Mother,Danzig,Danzig,2026-02-21 13:36:42,206,True,1993
Spoonman,Soundgarden,Telephantasm,2026-02-21 13:29:25,246,False,1994
Going Under,Evanescence,Fallen,2026-02-21 13:25:47,214,False,2003
She Hates Me,Puddle of Mudd,Come Clean,2026-02-21 13:22:11,216,True,2005
Jeremy,Pearl Jam,Ten,2026-02-21 13:07:44,318,True,1992
Prayer,Disturbed,Believe,2026-02-21 13:04:02,218,False,2002
Turn The Page,Metallica,"Garage, Inc.",2026-02-21 12:57:40,366,False,2009
Kill The Noise,Papa Roach,Ego Trip,2026-02-21 12:54:33,188,True,2021
Higher,Creed,Human Clay,2026-02-21 12:49:58,325,False,1999
Ain't No Rest for the Wicked,Cage the Elephant,Cage The Elephant (Expanded Edition),2026-02-21 12:39:27,175,False,2008
Flying High Again,Ozzy Osbourne,Diary Of A Madman,2026-02-21 12:34:42,284,False,1981
Bad Guy,Falling in Reverse,Popular Monster,2026-02-21 12:32:02,157,True,2018
Down In A Hole (2022 Remaster),Alice in Chains,Dirt,2026-02-21 12:26:28,338,False,1996
Rockstar,Nickelback,All the Right Reasons,2026-02-21 12:22:16,255,False,2005
Whatever,Godsmack,Godsmack,2026-02-21 12:18:55,206,True,1998
Back In Black,AC/DC,Back In Black,2026-02-21 12:03:39,253,False,1980
The Man Who Sold The World,Nirvana,MTV Unplugged In New York,2026-02-21 11:59:59,260,False,1994
Send the Pain Below,Chevelle,Wonder What's Next (Expanded Edition),2026-02-21 11:55:31,252,False,2002
Searchlight,Shinedown,Searchlight,2026-02-21 11:51:57,215,False,2025
Freak On a Leash,Korn,Follow The Leader,2026-02-21 11:48:18,255,True,1999
Snow (Hey Oh),Red Hot Chili Peppers,The Studio Album Collection 1991 - 2011,2026-02-21 11:37:14,334,False,2006
Hey You,Pink Floyd,The Wall,2026-02-21 11:32:36,278,False,1993
Ramon Ayala,Giovannie and the Hired Guns,Tejano Punk Boyz,2026-02-21 11:29:52,168,True,2022
Sweet Dreams (Are Made Of This),Marilyn Manson,Smells Like Children,2026-02-21 11:25:20,293,False,1994
New Divide,Linkin Park,Papercuts,2026-02-21 11:20:49,269,False,2009
Better Man,Pearl Jam,Vitalogy,2026-02-21 11:16:31,269,False,2001
Just Pretend,Bad Omens,THE DEATH OF PEACE OF MIND,2026-02-21 11:05:37,204,False,2022
Brain Stew,Green Day,Insomniac,2026-02-21 11:02:26,193,True,2021
Toxicity,System of a Down,Toxicity,2026-02-21 10:58:41,218,False,2002
Enter Sandman,Metallica,Metallica,2026-02-21 10:52:56,331,False,1991
Stressed Out,Twenty One Pilots,Blurryface,2026-02-21 10:41:48,202,False,2015
Civil War,Guns N' Roses,Use Your Illusion II,2026-02-21 10:34:08,456,False,1991
The Kids Aren't Alright,The Offspring,Americana,2026-02-21 10:27:36,180,False,1999
Stricken,Disturbed,Ten Thousand Fists,2026-02-21 10:23:32,245,False,2005
The World I Know,Collective Soul,Collective Soul,2026-02-21 10:19:47,257,False,1995
She Talks To Angels,The Black Crowes,Shake Your Money Maker,2026-02-21 10:05:07,330,False,1993
Sober,TOOL,Undertow,2026-02-21 10:00:04,306,True,1993
I Stay Away,Alice in Chains,Nothing Safe - The Best Of The Box,2026-02-21 09:55:43,254,False,2001
Fake It,Seether,Finding Beauty In Negative Spaces,2026-02-21 09:41:43,194,False,2007
Over the Mountain,Ozzy Osbourne,Diary Of A Madman,2026-02-21 09:37:14,271,False,1981
Nightmare,Avenged Sevenfold,Nightmare,2026-02-21 09:27:10,374,True,2010
Sad But True,Metallica,Metallica,2026-02-21 09:19:12,324,False,1991
Rape Me,Nirvana,In Utero,2026-02-21 09:04:14,169,False,1994
Zombie,Bad Wolves,Disobey,2026-02-21 09:00:03,254,False,2018
Hunger Strike,Temple of the Dog,Temple Of The Dog,2026-02-21 08:55:54,243,False,1990
I Won't Back Down,Tom Petty,Full Moon Fever,2026-02-21 08:42:53,176,False,1989
What I Got,Sublime,Sublime,2026-02-21 08:36:11,181,True,1996
Second Chance,Shinedown,The Sound of Madness,2026-02-21 08:32:32,220,False,2008
Walk,Pantera,Vulgar Display of Power,2026-02-21 08:23:31,315,True,1992
Hey You,Disturbed,Divisive,2026-02-21 08:12:41,268,True,2022
Knockin' On Heaven's Door,Guns N' Roses,Days Of Thunder,2026-02-21 08:07:00,336,False,1991
If You Could Only See,Tonic,Lemon Parade,2026-02-21 07:59:16,261,False,1996
Kryptonite,3 Doors Down,The Better Life,2026-02-21 07:55:10,234,False,2001
One Last Breath,Creed,Weathered,2026-02-21 07:41:36,238,False,2001
Water Song/Janie's Got A Gun,Aerosmith,Pump,2026-02-21 07:36:16,333,False,1989
Around the World,Red Hot Chili Peppers,Californication,2026-02-21 07:22:06,238,True,2001
Bad Guy,Falling in Reverse,Popular Monster,2026-02-21 07:13:04,157,True,2018
Comedown,Bush,Sixteen Stone,2026-02-21 07:03:20,326,False,1994
Hemorrhage (In My Hands),Fuel,Something Like Human,2026-02-21 06:55:53,236,False,2000
How You Remind Me,Nickelback,Silver Side Up,2026-02-21 06:46:53,223,False,2001
Crazy Train,Ozzy Osbourne,Blizzard Of Ozz,2026-02-21 06:41:57,290,False,1980
Rooster (2022 Remaster),Alice in Chains,Dirt,2026-02-21 06:31:39,374,False,1993
The Diary of Jane,Breaking Benjamin,Phobia,2026-02-21 06:28:23,198,False,2006
"Touch, Peel And Stand",Days of the New,Days Of The New,2026-02-21 06:23:29,297,False,1997
Dead Don’t Die,Shinedown,Planet Zero,2026-02-21 06:09:46,194,False,2022
One (Remastered),Metallica,...And Justice for All (Remastered Deluxe Box Set),2026-02-21 06:02:16,446,False,1988
Black Betty,Ram Jam,Ram Jam,2026-02-21 05:58:03,237,False,1993
Daughter,Pearl Jam,Vs.,2026-02-21 05:54:20,234,False,1993
Youth of the Nation,P.O.D.,Satellite,2026-02-21 05:45:52,256,False,2001
Keep Away,Godsmack,Godsmack,2026-02-21 05:36:27,290,False,2004
It's Been Awhile,Staind,Break the Cycle,2026-02-21 05:29:13,264,True,2001
Even If It Kills Me,Papa Roach,Even If It Kills Me,2026-02-21 05:25:37,212,False,2024
Otherside,Red Hot Chili Peppers,Californication,2026-02-21 05:21:24,255,False,1999
Wish You Were Here,Pink Floyd,Wish You Were Here,2026-02-21 05:10:45,330,False,1975
So Called Life,Three Days Grace,EXPLOSIONS,2026-02-21 05:07:18,206,True,2006
Plush,Stone Temple Pilots,Core,2026-02-21 05:02:06,313,False,2008
Closer,Nine Inch Nails,The Downward Spiral,2026-02-21 04:57:26,373,True,2005
Drive,Incubus,Make Yourself,2026-02-21 04:53:35,232,False,1999
Aerials,System of a Down,Toxicity,2026-02-21 04:49:51,237,False,2001
Your Favorite Toy,Foo Fighters,Your Favorite Toy,2026-02-21 04:46:40,176,False,2026
Everything Ends,Architects,"The Sky, The Earth & All Between",2026-02-21 04:31:07,220,False,2025
Headstrong,Trapt,Trapt,2026-02-21 04:27:08,286,False,2002
Yellow Ledbetter,Pearl Jam,Lost Dogs,2026-02-21 04:19:17,304,False,1992
Heavy Is the Crown,Linkin Park,From Zero,2026-02-21 04:08:51,167,False,2024
Dragula,Rob Zombie,Hellbilly Deluxe,2026-02-21 04:05:04,222,False,1998
Paradise City,Guns N' Roses,Appetite For Destruction,2026-02-21 03:58:01,406,False,1987
Smells Like Teen Spirit,Nirvana,Nevermind,2026-02-21 03:53:05,301,False,1991
Paralyzer,Finger Eleven,Them vs. You vs. Me,2026-02-21 03:45:38,208,False,2007
Schism,TOOL,Lateralus,2026-02-21 03:34:05,407,False,2001
Searchlight,Shinedown,Searchlight,2026-02-21 03:30:32,215,False,2025
Hey You,Disturbed,Divisive,2026-02-21 03:22:55,268,True,2022
Nothing Else Matters,Metallica,Metallica,2026-02-21 03:16:32,388,False,1996
Highway to Hell,AC/DC,Highway to Hell,2026-02-21 03:10:05,206,False,1979
Glycerine,Bush,Sixteen Stone,2026-02-21 03:02:11,266,False,1994
Longview,Green Day,Dookie,2026-02-21 02:58:06,233,True,2016
Rollin' (Air Raid Vehicle),Limp Bizkit,Chocolate Starfish And The Hot Dog Flavored Water,2026-02-21 02:54:34,214,False,2005
Rx (Medicate),Theory of a Deadman,Wake Up Call,2026-02-21 02:50:44,233,True,2017
THE BOTTOM,Daughtry,THE BOTTOM,2026-02-21 02:46:45,232,False,2023
Sex & Candy,Marcy Playground,Marcy Playground,2026-02-21 02:34:59,172,False,1997
End of You,Poppy,End of You,2026-02-21 02:31:39,192,False,2025
I Stand Alone,Godsmack,Faceless,2026-02-21 02:27:34,245,False,2002
Kill The Noise,Papa Roach,Ego Trip,2026-02-21 02:24:25,188,True,2021
Under the Bridge,Red Hot Chili Peppers,Blood Sugar Sex Magik,2026-02-21 02:19:59,264,False,1999
Bad Guy,Falling in Reverse,Popular Monster,2026-02-21 02:09:54,157,True,2018
Even Flow,Pearl Jam,Ten,2026-02-21 02:05:00,294,True,1991
Bohemian Rhapsody,Queen,A Night At The Opera,2026-02-21 01:58:51,358,False,1975
Come As You Are,Nirvana,Nevermind,2026-02-21 01:55:13,218,False,1991
Under the Graveyard,Ozzy Osbourne,Ordinary Man,2026-02-21 01:45:33,299,False,2019
Bawitdaba,Kid Rock,Devil Without a Cause,2026-02-21 01:38:22,265,True,1998
One Step Closer,Linkin Park,Hybrid Theory,2026-02-21 01:31:57,157,False,2001
Just Pretend,Bad Omens,THE DEATH OF PEACE OF MIND,2026-02-21 01:28:53,204,False,2022
Falling Away from Me,Korn,Issues,2026-02-21 01:24:31,271,True,1999
Free Bird,Lynyrd Skynyrd,Pronounced 'Leh-'Nérd 'Skin-'Nérd,2026-02-21 01:11:43,548,False,1973
Jeremy,Pearl Jam,Ten,2026-02-21 01:03:30,318,True,1992
For Whom The Bell Tolls (Remastered),Metallica,Ride The Lightning (Remastered),2026-02-21 00:58:09,309,False,1984
Simple Man,Shinedown,Leave a Whisper,2026-02-21 00:52:52,265,False,2009
Dead & Bloated,Stone Temple Pilots,Core,2026-02-21 00:44:22,310,False,1992
Ensenada,Sublime,Ensenada,2026-02-21 00:34:34,155,True,2025
With Arms Wide Open,Creed,Human Clay,2026-02-21 00:30:06,278,False,2000
Gone Away,The Offspring,Ixnay On The Hombre,2026-02-21 00:22:00,269,False,1997
Over the Hills and Far Away,Led Zeppelin,Houses of the Holy,2026-02-21 00:11:52,290,False,1990
Lightning Crashes,Live,Throwing Copper,2026-02-21 00:02:52,325,False,1994
Nothin',Guns N' Roses,Nothin',2026-02-20 23:58:16,263,False,2025
When I'm Gone,3 Doors Down,Away From The Sun,2026-02-20 23:54:06,260,False,2002
Sober,TOOL,Undertow,2026-02-20 23:42:22,306,True,1993
Everything Ends,Architects,"The Sky, The Earth & All Between",2026-02-20 23:38:46,220,False,2025
War Pigs / Luke's Wall,Black Sabbath,Paranoid,2026-02-20 23:31:36,474,False,1970
Bullet With Butterfly Wings,Smashing Pumpkins,Mellon Collie And The Infinite Sadness,2026-02-20 23:24:07,256,False,1995
For You,Staind,Break the Cycle,2026-02-20 23:20:37,206,True,2001
The Man Who Sold The World,Nirvana,MTV Unplugged In New York,2026-02-20 23:09:37,260,False,1994
Heavy Is the Crown,Linkin Park,From Zero,2026-02-20 23:06:50,167,False,2024
Sweet Dreams (Are Made Of This),Marilyn Manson,Smells Like Children,2026-02-20 23:02:17,293,False,1994
Searchlight,Shinedown,Searchlight,2026-02-20 22:52:57,215,False,2025
Pardon Me,Incubus,Make Yourself,2026-02-20 22:49:36,224,False,1999
Prayer,Disturbed,Believe,2026-02-20 22:45:54,218,False,2002
So Called Life,Three Days Grace,EXPLOSIONS,2026-02-20 22:36:28,206,True,2006
Brain Damage,Pink Floyd,The Dark Side of the Moon,2026-02-20 22:31:02,226,False,1973
Cumbersome,Seven Mary Three,American Standard,2026-02-20 22:27:03,236,False,1995
Alive,Pearl Jam,Ten,2026-02-20 22:17:44,341,False,1991
Holier Than Thou,Metallica,Metallica,2026-02-20 22:04:06,227,False,2004
Bored,Return to Dust,Speak Like the Dead,2026-02-20 21:51:58,245,False,2025
End of You,Poppy,End of You,2026-02-20 21:35:03,192,False,2025
Sweet Child O' Mine,Guns N' Roses,Appetite For Destruction,2026-02-20 21:29:10,355,False,1987
Ramon Ayala,Giovannie and the Hired Guns,Tejano Punk Boyz,2026-02-20 21:26:26,168,True,2022
Closer,Nine Inch Nails,The Downward Spiral,2026-02-20 21:22:03,373,True,2005
Numb / Encore,JAY-Z,Collision Course,2026-02-20 21:18:33,205,True,2004
She Hates Me,Puddle of Mudd,Come Clean,2026-02-20 21:08:35,216,True,2005
Bad Guy,Falling in Reverse,Popular Monster,2026-02-20 21:05:52,157,True,2018
Scar Tissue,Red Hot Chili Peppers,Californication,2026-02-20 21:02:18,215,False,1999
Outside,Staind,Break the Cycle,2026-02-20 20:57:09,293,False,2001
Heathens,Twenty One Pilots,Suicide Squad: The Album,2026-02-20 20:49:29,195,False,2016
Spoonman,Soundgarden,Telephantasm,2026-02-20 20:38:34,246,False,1994
Cum on Feel the Noize,Quiet Riot,Metal Health,2026-02-20 20:29:58,287,False,1983
Hey You,Disturbed,Divisive,2026-02-20 20:25:28,268,True,2022
Nightmare,Avenged Sevenfold,Nightmare,2026-02-20 20:17:52,374,True,2010
Wicked Garden,Stone Temple Pilots,Core,2026-02-20 20:06:37,259,False,1992
Just Pretend,Bad Omens,THE DEATH OF PEACE OF MIND,2026-02-20 20:03:32,204,False,2022
My Own Prison,Creed,My Own Prison,2026-02-20 19:59:19,295,False,1997
More Human Than Human,White Zombie,"Astro Creep: 2000 Songs Of Love, Destruction And Other Synthetic Delusions Of The Electric Head",2026-02-20 19:54:42,272,False,2008
Dead Don’t Die,Shinedown,Planet Zero,2026-02-20 19:51:25,194,False,2022
Better Man,Pearl Jam,Vitalogy,2026-02-20 19:47:02,269,False,2001
BURN IT DOWN,Linkin Park,BURN IT DOWN,2026-02-20 19:43:11,231,False,2012
"Mama, I'm Coming Home",Ozzy Osbourne,No More Tears (Expanded Edition),2026-02-20 19:32:46,251,False,1991
Even If It Kills Me,Papa Roach,Even If It Kills Me,2026-02-20 19:29:09,212,False,2024
The Kids Aren't Alright,The Offspring,Americana,2026-02-20 19:26:02,180,False,1999
Click Click Boom,Saliva,Back Into Your System,2026-02-20 19:21:46,254,False,2001
Ensenada,Sublime,Ensenada,2026-02-20 19:08:18,155,True,2025
Crazy Bitch,Buckcherry,15,2026-02-20 19:04:57,202,True,2006
Whatever,Godsmack,Godsmack,2026-02-20 19:01:28,206,True,1998
All Apologies,Nirvana,In Utero,2026-02-20 18:49:44,230,False,1993
"Paint It, Black",The Rolling Stones,Aftermath,2026-02-20 18:40:13,224,False,1990
Everything Ends,Architects,"The Sky, The Earth & All Between",2026-02-20 18:36:34,220,False,2025
The Unforgiven,Metallica,Metallica,2026-02-20 18:30:16,387,False,1991
Comedown,Bush,Sixteen Stone,2026-02-20 18:18:09,326,False,1996
Heavy Is the Crown,Linkin Park,From Zero,2026-02-20 18:15:22,167,False,2024
Freak On a Leash,Korn,Follow The Leader,2026-02-20 18:11:41,255,True,1999
Fade,Staind,Break the Cycle,2026-02-20 18:07:34,242,False,2001
Higher,Creed,Human Clay,2026-02-20 18:02:47,325,False,1999
Searchlight,Shinedown,Searchlight,2026-02-20 17:50:37,215,False,2025
Brain Stew,Green Day,Insomniac,2026-02-20 17:47:28,193,True,2021
Self Esteem,The Offspring,Smash,2026-02-20 17:38:36,257,False,1999
Back In Black,AC/DC,Back In Black,2026-02-20 17:20:43,253,False,1980
Rockstar,Nickelback,All the Right Reasons,2026-02-20 17:16:32,255,False,2005
Drive,Incubus,Make Yourself,2026-02-20 17:12:41,232,False,1999
Lithium,Nirvana,Nevermind,2026-02-20 17:04:38,255,False,1998
The Kill (Bury Me),Thirty Seconds to Mars,A Beautiful Lie,2026-02-20 17:00:46,231,False,2005
Everlong,Foo Fighters,The Colour And The Shape,2026-02-20 16:56:26,250,False,1997
Savior,Rise Against,Appeal To Reason,2026-02-20 16:52:27,242,False,2008
Black Dog,Led Zeppelin,Led Zeppelin IV (Remastered),2026-02-20 16:38:12,295,False,1971
Stricken,Disturbed,Ten Thousand Fists,2026-02-20 16:34:10,245,False,2005
Plush,Stone Temple Pilots,Core,2026-02-20 16:29:02,313,False,1993
Kill The Noise,Papa Roach,Ego Trip,2026-02-20 16:25:52,188,True,2021
MONSTERS,Shinedown,ATTENTION ATTENTION,2026-02-20 16:17:32,248,False,2018
Bad Guy,Falling in Reverse,Popular Monster,2026-02-20 16:07:28,157,True,2018
Another One Bites The Dust,Queen,The Game,2026-02-20 16:03:53,217,False,1980
Hemorrhage (In My Hands),Fuel,Something Like Human,2026-02-20 16:00:06,236,False,2000
Daughter,Pearl Jam,Vs.,2026-02-20 15:52:50,234,False,2000
Numb,Linkin Park,Meteora,2026-02-20 15:49:34,187,False,2003
What I Got,Sublime,Sublime,2026-02-20 15:39:34,181,True,1996
Just Pretend,Bad Omens,THE DEATH OF PEACE OF MIND,2026-02-20 15:30:37,204,False,2022
When I Come Around,Green Day,Dookie,2026-02-20 15:27:44,178,False,1994
Chop Suey!,System of a Down,Toxicity,2026-02-20 15:24:12,210,False,2001
Zombie,The Cranberries,Zombie,2026-02-20 15:19:03,307,False,1994
Ramon Ayala,Giovannie and the Hired Guns,Tejano Punk Boyz,2026-02-20 14:57:19,168,True,2022
Soul to Squeeze,Red Hot Chili Peppers,Greatest Hits,2026-02-20 14:52:27,289,False,1993
All My Life,Foo Fighters,One By One (Expanded Edition),2026-02-20 14:41:06,262,False,2002
She Talks To Angels,The Black Crowes,Shake Your Money Maker,2026-02-20 14:35:35,330,False,1993
Even If It Kills Me,Papa Roach,Even If It Kills Me,2026-02-20 14:32:02,212,False,2024
Gone Away,The Offspring,Ixnay On The Hombre,2026-02-20 14:27:43,269,False,1997
Save Me,Shinedown,Us and Them,2026-02-20 14:24:11,213,False,2005
Voodoo / Hidden Track,Godsmack,Godsmack,2026-02-20 14:19:31,543,False,1998
Crazy Train,Ozzy Osbourne,Blizzard Of Ozz,2026-02-20 14:03:55,290,False,1980
Even Flow,Pearl Jam,Ten,2026-02-20 13:58:55,294,True,1991
Heavy Is the Crown,Linkin Park,From Zero,2026-02-20 13:55:58,167,False,2024
Fine Again,Seether,Disclaimer,2026-02-20 13:51:55,244,False,2002
Mary Jane's Last Dance,Tom Petty,Greatest Hits,2026-02-20 13:36:16,273,False,1993
Falling Away from Me,Korn,Issues,2026-02-20 13:28:39,271,True,1999
Bother,Stone Sour,Stone Sour,2026-02-20 13:24:41,240,True,2006
Like a Stone,Audioslave,Audioslave,2026-02-20 13:19:48,294,False,2003
The Man Who Sold The World,Nirvana,MTV Unplugged In New York,2026-02-20 13:05:26,260,False,1994
Last Resort,Papa Roach,Infest,2026-02-20 13:02:04,199,False,2004
Sail,AWOLNATION,RE/Sail,2026-02-20 12:57:50,274,False,2011
Californication,Red Hot Chili Peppers,Californication,2026-02-20 12:49:13,329,False,1999
We Will Rock You,Queen,News of the World,2026-02-20 12:36:55,123,False,1977
Dead & Bloated,Stone Temple Pilots,Core,2026-02-20 12:28:57,310,False,1992
You're Going Down,Sick Puppies,Tri-polar,2026-02-20 12:25:49,187,True,2009
One (Remastered),Metallica,...And Justice for All (Remastered Deluxe Box Set),2026-02-20 12:18:25,446,False,1988
So Called Life,Three Days Grace,EXPLOSIONS,2026-02-20 12:08:11,206,True,2006
Comfortably Numb,Pink Floyd,The Wall,2026-02-20 12:01:51,382,False,1979
Killing In the Name,Rage Against the Machine,Rage Against The Machine,2026-02-20 11:50:17,313,True,1994
I Don't Know,Ozzy Osbourne,Blizzard Of Ozz,2026-02-20 11:35:22,314,False,1980
Hey You,Disturbed,Divisive,2026-02-20 11:30:53,268,True,2022
Shine,Collective Soul,"Hints, Allegations & Things Left Unsaid",2026-02-20 11:25:40,306,False,1993
Photograph,Nickelback,All the Right Reasons,2026-02-20 11:21:35,258,False,2005
Rape Me,Nirvana,In Utero,2026-02-20 11:18:37,169,False,1994
Even If It Kills Me,Papa Roach,Even If It Kills Me,2026-02-20 11:07:55,212,False,2024
The Middle,Jimmy Eat World,Bleed American,2026-02-20 11:04:57,166,False,2001
Coming Undone,Korn,See You On the Other Side,2026-02-20 11:01:34,199,False,2005
I Found Love (When I Found You),Kenny Wayne Shepherd,Trouble Is...,2026-02-20 10:51:48,241,False,1997
Heavy Is the Crown,Linkin Park,From Zero,2026-02-20 10:49:01,167,False,2024
Pour Some Sugar On Me,Def Leppard,Hysteria,2026-02-20 10:44:31,265,False,1987
War Is the Answer,Five Finger Death Punch,War Is the Answer,2026-02-20 10:40:03,198,True,2009
Ramon Ayala,Giovannie and the Hired Guns,Tejano Punk Boyz,2026-02-20 10:32:46,168,True,2022
Living Dead Girl,Rob Zombie,Hellbilly Deluxe,2026-02-20 10:29:13,201,False,1998
Fat Lip,Sum 41,"All Killer, No Filler",2026-02-20 10:26:02,182,True,2001
Bohemian Rhapsody,Queen,A Night At The Opera,2026-02-20 10:20:03,358,False,1975
Smooth Criminal,Alien Ant Farm,Anthology,2026-02-20 10:09:16,209,False,2001
Fade To Black (Remastered),Metallica,Ride The Lightning (Deluxe Remaster),2026-02-20 10:02:21,417,False,1984
You Shook Me All Night Long,AC/DC,Back In Black,2026-02-20 09:58:33,208,False,1997
Aerials,System of a Down,Toxicity,2026-02-20 09:48:36,237,False,2001
Creep,Stone Temple Pilots,Core,2026-02-20 09:37:15,334,False,1992
Bad Guy,Falling in Reverse,Popular Monster,2026-02-20 09:34:20,157,True,2018
Epic,Faith No More,The Real Thing,2026-02-20 09:29:08,293,False,1989
She Hates Me,Puddle of Mudd,Come Clean,2026-02-20 09:25:30,216,True,2005
Headstrong,Trapt,Trapt,2026-02-20 09:19:47,286,False,2002
Wish You Were Here,Incubus,Morning View,2026-02-20 09:09:55,211,False,2001
Centuries,Fall Out Boy,American Beauty/American Psycho,2026-02-20 08:59:50,231,False,2014
Stupify,Disturbed,The Sickness,2026-02-20 08:41:10,246,False,2016
Better Man,Pearl Jam,Vitalogy,2026-02-20 08:30:16,269,False,2001
"Another Brick in the Wall, Pt. 2",Pink Floyd,The Wall,2026-02-20 08:23:19,238,False,1979
Meant to Live,Switchfoot,The Beautiful Letdown (Deluxe Version),2026-02-20 08:08:36,205,False,2003
Man in the Box,Alice in Chains,Facelift,2026-02-20 07:57:43,286,True,1991
My Own Worst Enemy,Lit,A Place In The Sun,2026-02-20 07:51:25,178,True,2004
Even If It Kills Me,Papa Roach,Even If It Kills Me,2026-02-20 07:39:51,212,False,2024
Sound of Madness,Shinedown,The Sound of Madness,2026-02-20 07:27:29,233,False,2008
Whatever,Godsmack,Godsmack,2026-02-20 07:20:37,206,True,1998
Paralyzer,Finger Eleven,Them vs. You vs. Me,2026-02-20 07:02:44,208,False,2007
Smells Like Teen Spirit,Nirvana,Nevermind,2026-02-20 06:57:30,301,False,1991
I Hate Everything About You,Three Days Grace,Three Days Grace,2026-02-20 06:45:12,231,False,2003
Heavy Is the Crown,Linkin Park,From Zero,2026-02-20 06:42:30,167,False,2024
Highway to Hell,AC/DC,Highway to Hell,2026-02-20 06:34:34,206,False,1979
Cold,Crossfade,Cheap Date,2026-02-20 06:17:26,198,False,2002
Spoonman,Soundgarden,Telephantasm,2026-02-20 06:08:10,246,False,1994
Hard To Handle,The Black Crowes,Shake Your Money Maker,2026-02-20 05:33:59,188,False,1990
No More Tears,Ozzy Osbourne,No More Tears (Expanded Edition),2026-02-20 05:10:07,443,False,2013
Sweet Child O' Mine,Guns N' Roses,Appetite For Destruction,2026-02-20 04:51:54,355,False,1987
Kryptonite,3 Doors Down,The Better Life,2026-02-20 04:48:02,234,False,2000
Bodies,Drowning Pool,Sinner,2026-02-20 04:40:02,201,False,2000
Say It Ain't So,Weezer,Weezer,2026-02-20 04:31:24,258,False,1994
For I Am Death,The Pretty Reckless,For I Am Death,2026-02-20 04:27:36,219,False,2025
Ain't No Rest for the Wicked,Cage the Elephant,Cage The Elephant (Expanded Edition),2026-02-20 04:24:44,175,False,2008
Wicked Garden,Stone Temple Pilots,Core,2026-02-20 04:17:54,259,False,1992
Black Betty,Ram Jam,Ram Jam,2026-02-20 04:10:11,237,False,1986
Pardon Me,Incubus,Make Yourself,2026-02-20 04:02:12,224,False,1999
The Memory Remains,Metallica,Reload,2026-02-20 03:57:18,279,False,2009
Around the World,Red Hot Chili Peppers,Californication,2026-02-20 03:53:16,238,True,1999
Footsteps,Pop Evil,UP,2026-02-20 03:49:22,263,False,2015
LOOK OUT FOR ME,Turnstile,LOOK OUT FOR ME,2026-02-20 03:46:04,403,False,2025
Brain Stew,Green Day,Insomniac,2026-02-20 03:42:50,193,True,2021
Ensenada,Sublime,Ensenada,2026-02-20 03:32:23,155,True,2025
Zombie,Bad Wolves,Disobey,2026-02-20 03:28:13,254,False,2018
So Called Life,Three Days Grace,EXPLOSIONS,2026-02-20 03:24:45,206,True,2006
Hunger Strike,Temple of the Dog,Temple Of The Dog,2026-02-20 03:20:43,243,False,1991
Cult of Personality (2023 Remaster),Living Colour,Vivid,2026-02-20 03:12:32,294,False,1988
Just Pretend,Bad Omens,THE DEATH OF PEACE OF MIND,2026-02-20 03:09:27,204,False,2022
Walk,Pantera,Vulgar Display of Power,2026-02-20 03:04:25,315,True,1993
Water Song/Janie's Got A Gun,Aerosmith,Pump,2026-02-20 02:58:48,333,False,1989
Something In The Way,Nirvana,Nevermind,2026-02-20 02:55:03,231,False,1991
Bored,Return to Dust,Speak Like the Dead,2026-02-20 02:50:55,245,False,2025
What I've Done,Linkin Park,Minutes to Midnight,2026-02-20 02:47:30,205,False,2007
My Hero,Foo Fighters,The Colour And The Shape,2026-02-20 02:38:50,260,False,1997
Bring Me To Life,Evanescence,Fallen,2026-02-20 02:31:08,235,False,2003
One (Remastered),Metallica,...And Justice for All (Remastered Deluxe Box Set),2026-02-20 02:20:11,446,False,1988
Wish You Were Here,Pink Floyd,Wish You Were Here,2026-02-20 02:11:14,330,False,1975
Ramon Ayala,Giovannie and the Hired Guns,Tejano Punk Boyz,2026-02-20 02:08:25,168,True,2022
Plush,Stone Temple Pilots,Core,2026-02-20 02:03:12,313,False,1993
Voices,Disturbed,The Sickness,2026-02-20 01:54:44,191,True,2001
Nothin',Guns N' Roses,Nothin',2026-02-20 01:44:57,263,False,2025
Self Esteem,The Offspring,Smash,2026-02-20 01:40:36,257,False,1999
Daughter,Pearl Jam,Vs.,2026-02-20 01:32:30,234,False,1993
Searchlight,Shinedown,Searchlight,2026-02-20 01:28:55,215,False,2025
ZOMBIFIED,Falling in Reverse,Popular Monster,2026-02-20 01:22:11,218,True,2011
I Am the Highway,Audioslave,Audioslave,2026-02-20 01:16:56,335,False,2002
Wanted Dead Or Alive,Bon Jovi,Slippery When Wet,2026-02-20 01:10:23,308,False,1986
Just Pretend,Bad Omens,THE DEATH OF PEACE OF MIND,2026-02-20 01:07:18,204,False,2022
Rooster (2022 Remaster),Alice in Chains,Dirt,2026-02-20 01:01:07,374,False,1993
Shine,Collective Soul,"Hints, Allegations & Things Left Unsaid",2026-02-20 00:55:44,306,False,1993
Toxicity,System of a Down,Toxicity,2026-02-20 00:52:00,218,False,2001
Paranoid,Black Sabbath,Paranoid,2026-02-20 00:49:10,168,False,1970
All Apologies,Nirvana,In Utero,2026-02-20 00:45:20,230,False,1994
THE BOTTOM,Daughtry,THE BOTTOM,2026-02-20 00:41:27,232,False,2023
One,Creed,My Own Prison,2026-02-20 00:30:45,302,False,1997
End of You,Poppy,End of You,2026-02-20 00:27:27,192,False,2025
All My Life,Foo Fighters,One By One (Expanded Edition),2026-02-20 00:23:01,262,False,2002
Even If It Kills Me,Papa Roach,Even If It Kills Me,2026-02-20 00:19:25,212,False,2024
Freak On a Leash,Korn,Follow The Leader,2026-02-20 00:15:42,255,True,1999
Back In Black,AC/DC,Back In Black,2026-02-20 00:06:35,253,False,1980
When I Come Around,Green Day,Dookie,2026-02-20 00:00:38,178,False,1994
Stressed Out,Twenty One Pilots,Blurryface,2026-02-19 23:52:28,202,False,2015
Sad But True,Metallica,Metallica,2026-02-19 23:39:51,324,False,1991
For I Am Death,The Pretty Reckless,For I Am Death,2026-02-19 23:36:08,219,False,2025
Knockin' On Heaven's Door,Guns N' Roses,Days Of Thunder,2026-02-19 23:30:26,336,False,1991
Hey You,Disturbed,Divisive,2026-02-19 23:25:57,268,True,2022
Otherside,Red Hot Chili Peppers,Californication,2026-02-19 23:21:48,255,False,1999
Rockstar,Nickelback,All the Right Reasons,2026-02-19 23:17:36,255,False,2005
Lithium,Nirvana,Nevermind,2026-02-19 23:07:08,255,False,1991
Your Favorite Toy,Foo Fighters,Your Favorite Toy,2026-02-19 23:04:09,176,False,2026
Ensenada,Sublime,Ensenada,2026-02-19 22:57:45,155,True,2025
Voodoo / Hidden Track,Godsmack,Godsmack,2026-02-19 22:53:06,543,False,1998
Through Glass,Stone Sour,Come What(ever) May,2026-02-19 22:48:18,282,False,2006
Dead Don’t Die,Shinedown,Planet Zero,2026-02-19 22:39:59,194,False,2022
Mother,Danzig,Danzig,2026-02-19 22:36:26,206,True,1993
Jeremy,Pearl Jam,Ten,2026-02-19 22:24:44,318,True,1992
Hurt,Johnny Cash,American IV: The Man Comes Around,2026-02-19 22:21:10,216,False,1999
The Day That Never Comes,Metallica,Death Magnetic,2026-02-19 22:07:24,476,False,2008
Am I Evil?,Metallica,"Garage, Inc.",2026-02-19 21:59:28,470,False,1984
LOOK OUT FOR ME,Turnstile,LOOK OUT FOR ME,2026-02-19 21:52:01,403,False,2025
Youth of the Nation,P.O.D.,Satellite,2026-02-19 21:48:01,256,False,2001
Lightning Crashes,Live,Throwing Copper,2026-02-19 21:36:57,325,False,1994
Everything Ends,Architects,"The Sky, The Earth & All Between",2026-02-19 21:33:21,220,False,2025
Kill The Noise,Papa Roach,Ego Trip,2026-02-19 21:25:33,188,True,2021
Even Flow,Pearl Jam,Ten,2026-02-19 21:20:43,294,True,1991
Drive,Incubus,Make Yourself,2026-02-19 21:06:58,232,False,1999
Come As You Are,Nirvana,Nevermind,2026-02-19 21:00:40,218,False,1991
Land of Confusion,Disturbed,Ten Thousand Fists,2026-02-19 20:51:17,287,False,2005
"Touch, Peel And Stand",Days of the New,Days Of The New,2026-02-19 20:40:57,297,False,1997
Searchlight,Shinedown,Searchlight,2026-02-19 20:37:27,215,False,2025
Every Rose Has Its Thorn,Poison,Open Up And Say . . . Ahh!,2026-02-19 20:33:02,258,False,2003
One Step Closer,Linkin Park,Hybrid Theory,2026-02-19 20:22:43,157,False,2000
Black Hole Sun,Soundgarden,Superunknown,2026-02-19 20:10:08,318,False,1994
Just Pretend,Bad Omens,THE DEATH OF PEACE OF MIND,2026-02-19 20:07:03,204,False,2022
Fade To Black (Remastered),Metallica,Ride The Lightning (Deluxe Remaster),2026-02-19 20:00:12,417,False,1984
Would? (2022 Remaster),Alice in Chains,Dirt,2026-02-19 19:56:27,208,False,1993
How You Remind Me,Nickelback,Silver Side Up,2026-02-19 19:52:48,223,False,2001
End of You,Poppy,End of You,2026-02-19 19:49:33,192,False,2025
The Middle,Jimmy Eat World,Bleed American,2026-02-19 19:46:42,166,False,2001
Here Without You,3 Doors Down,Away From The Sun,2026-02-19 19:37:18,237,False,2002
So Called Life,Three Days Grace,EXPLOSIONS,2026-02-19 19:28:51,206,True,2006
Seven Nation Army,The White Stripes,Elephant,2026-02-19 19:20:31,231,False,2010
Stupify,Disturbed,The Sickness,2026-02-19 19:16:26,246,False,2016
Your Favorite Toy,Foo Fighters,Your Favorite Toy,2026-02-19 19:08:34,176,False,2026
I Found Love (When I Found You),Kenny Wayne Shepherd,Trouble Is...,2026-02-19 19:04:34,241,False,1997
Send the Pain Below,Chevelle,Wonder What's Next (Expanded Edition),2026-02-19 19:00:18,252,False,2002
Sober,TOOL,Undertow,2026-02-19 18:50:50,306,True,1993
You Shook Me All Night Long,AC/DC,Back In Black,2026-02-19 18:36:31,208,False,1997
For I Am Death,The Pretty Reckless,For I Am Death,2026-02-19 18:32:43,219,False,2025
Gone Away,The Offspring,Ixnay On The Hombre,2026-02-19 18:16:47,269,False,1997
Heavy Is the Crown,Linkin Park,From Zero,2026-02-19 18:13:59,167,False,2024
Re-Align,Godsmack,Faceless,2026-02-19 18:05:24,261,False,2003
Man in the Box,Alice in Chains,Facelift,2026-02-19 18:00:38,286,True,1991
Ensenada,Sublime,Ensenada,2026-02-19 17:49:51,155,True,2025
B.Y.O.B.,System of a Down,Mezmerize,2026-02-19 17:45:29,257,True,2005
Nothing Else Matters,Metallica,Metallica,2026-02-19 17:38:57,388,False,1991
Soul to Squeeze,Red Hot Chili Peppers,Greatest Hits,2026-02-19 17:30:50,289,False,1993
Mr. Crowley,Ozzy Osbourne,Blizzard Of Ozz,2026-02-19 17:18:12,296,False,1988
Blurry,Puddle of Mudd,Come Clean,2026-02-19 17:13:57,303,False,2001
Wicked Garden,Stone Temple Pilots,Core,2026-02-19 17:09:53,259,False,1992
Last Kiss,Pearl Jam,Lost Dogs,2026-02-19 17:03:03,195,False,1998
Save Me,Shinedown,Us and Them,2026-02-19 16:59:25,213,False,2005
Last Resort,Papa Roach,Infest,2026-02-19 16:52:02,199,False,2004
The Man Who Sold The World,Nirvana,MTV Unplugged In New York,2026-02-19 16:48:20,260,False,1994
Heavy Is the Crown,Linkin Park,From Zero,2026-03-03 16:11:56,167,False,2024
She Talks To Angels,The Black Crowes,Shake Your Money Maker,2026-03-03 16:06:29,330,False,1990
Drive,Incubus,Make Yourself,2026-03-03 16:02:39,232,False,1999
Through Glass,Stone Sour,Come What(ever) May,2026-03-03 15:57:47,282,False,2006
Spoonman,Soundgarden,Telephantasm,2026-03-03 15:50:02,246,False,1994
Kryptonite,3 Doors Down,The Better Life,2026-03-03 15:35:25,234,False,2000
Ramon Ayala,Giovannie and the Hired Guns,Tejano Punk Boyz,2026-03-03 15:32:36,168,True,2022
Fake It,Seether,Finding Beauty In Negative Spaces,2026-03-03 15:22:22,194,False,2007
Brain Stew,Green Day,Insomniac,2026-03-03 15:19:07,193,True,2021
Bad Guy,Falling in Reverse,Popular Monster,2026-03-03 15:06:25,157,True,2018
In Bloom,Nirvana,Nevermind,2026-03-03 15:02:09,254,False,1991
Bring Me To Life,Evanescence,Fallen,2026-03-03 14:58:14,235,False,2003
Just Pretend,Bad Omens,THE DEATH OF PEACE OF MIND,2026-03-03 14:54:59,204,False,2022
I Stay Away,Alice in Chains,Nothing Safe - The Best Of The Box,2026-03-03 14:50:51,254,False,1994
Youth of the Nation,P.O.D.,Satellite,2026-03-03 14:40:19,256,False,2001
Sweet Emotion,Aerosmith,Toys In The Attic,2026-03-03 14:35:45,274,False,1979
Dead Don’t Die,Shinedown,Planet Zero,2026-03-03 14:32:29,194,False,2022
Just Like You,Three Days Grace,Three Days Grace,2026-03-03 14:23:56,186,False,2003
She Hates Me,Puddle of Mudd,Come Clean,2026-03-03 14:04:49,216,True,2005
Savior,Rise Against,Appeal To Reason,2026-03-03 14:00:44,242,False,2008
Voices In My Head,Falling in Reverse,Popular Monster,2026-03-03 13:57:17,191,True,2017
The Sound of Silence,Disturbed,Immortalized,2026-03-03 13:53:04,248,False,2015
Stressed Out,Twenty One Pilots,Blurryface,2026-03-03 13:38:23,202,False,2015
Wanted Dead Or Alive,Bon Jovi,Slippery When Wet,2026-03-03 13:34:08,308,False,1986
Heavy Is the Crown,Linkin Park,From Zero,2026-03-03 13:31:25,167,False,2024
Rape Me,Nirvana,In Utero,2026-03-03 13:28:33,169,False,1993
All My Life,Foo Fighters,One By One (Expanded Edition),2026-03-03 13:24:22,262,False,2002
Self Esteem,The Offspring,Smash,2026-03-03 13:20:04,257,False,1994
Back In Black,AC/DC,Back In Black,2026-03-03 13:04:33,253,False,1980
Sex & Candy,Marcy Playground,Marcy Playground,2026-03-03 13:01:48,172,False,1997
Jeremy,Pearl Jam,Ten,2026-03-03 12:52:35,318,True,2020
Brain Damage,Pink Floyd,The Dark Side of the Moon,2026-03-03 12:37:37,226,False,1973
Hey You,Disturbed,Divisive,2026-03-03 12:33:08,268,True,2022
Glycerine,Bush,Sixteen Stone,2026-03-03 12:20:08,266,False,1994
When I Come Around,Green Day,Dookie,2026-03-03 12:07:11,178,False,1994
Nightmare,Avenged Sevenfold,Nightmare,2026-03-03 12:02:03,374,True,2010
All Apologies,Nirvana,In Utero,2026-03-03 11:54:35,230,False,1993
For You,Staind,Break the Cycle,2026-03-03 11:44:42,206,True,2001
Cult of Personality (2023 Remaster),Living Colour,Vivid,2026-03-03 11:39:52,294,False,1988
Just Pretend,Bad Omens,THE DEATH OF PEACE OF MIND,2026-03-03 11:36:47,204,False,2022
Sad But True,Metallica,Metallica,2026-03-03 11:31:18,324,False,1991
Lose Yourself,Eminem,8 Mile,2026-03-03 11:26:55,321,False,2002
Ramon Ayala,Giovannie and the Hired Guns,Tejano Punk Boyz,2026-03-03 11:11:32,168,True,2022
Epic,Faith No More,The Real Thing,2026-03-03 11:07:33,293,False,1989
Feel Good Inc.,Gorillaz,Demon Days,2026-03-03 10:53:11,222,False,2005
"Paint It, Black",The Rolling Stones,Aftermath,2026-03-03 10:41:51,224,False,1966
Broken,Seether,Disclaimer,2026-03-03 10:37:33,260,False,2004
Like a Stone,Audioslave,Audioslave,2026-03-03 10:32:39,294,False,2002
Voices In My Head,Falling in Reverse,Popular Monster,2026-03-03 10:29:29,191,True,2017
Basket Case,Green Day,Dookie,2026-03-03 10:26:21,181,False,1994
Behind Blue Eyes,Limp Bizkit,Behind Blue Eyes,2026-03-03 10:21:44,270,False,2003
Photograph,Nickelback,All the Right Reasons,2026-03-03 10:11:45,258,False,2005
Heavy Is the Crown,Linkin Park,From Zero,2026-03-03 10:08:58,167,False,2024
Cold,Crossfade,Cheap Date,2026-03-03 10:00:53,198,False,2003
Toxicity,System of a Down,Toxicity,2026-03-03 09:56:53,218,False,2001
Hey You,Disturbed,Divisive,2026-03-03 09:38:38,268,True,2022
Rx (Medicate),Theory of a Deadman,Wake Up Call,2026-03-03 09:20:38,233,True,2017
Free Fallin',Tom Petty,Full Moon Fever,2026-03-03 08:21:10,254,False,1989
Sweet Dreams (Are Made Of This),Marilyn Manson,Smells Like Children,2026-03-03 08:01:05,293,False,1994
Control,Puddle of Mudd,Come Clean,2026-03-03 07:51:14,230,True,2001
"Another Brick in the Wall, Pt. 2",Pink Floyd,The Wall,2026-03-03 07:40:48,238,False,2011
Dead Don’t Die,Shinedown,Planet Zero,2026-03-03 07:31:59,194,False,2022
Last Kiss,Pearl Jam,Lost Dogs,2026-03-03 07:24:37,195,False,2001
Headstrong,Trapt,Trapt,2026-03-03 07:02:30,286,False,2002
ZOMBIFIED,Falling in Reverse,Popular Monster,2026-03-03 06:58:34,218,True,2022
Dream On,Aerosmith,Aerosmith,2026-03-03 06:43:11,265,False,2023
Around the World,Red Hot Chili Peppers,Californication,2026-03-03 06:35:45,238,True,2011
Numb / Encore,JAŸ-Z,Collision Course,2026-03-03 06:24:50,205,True,2004
Heart-Shaped Box,Nirvana,In Utero,2026-03-03 06:16:48,279,False,1994
No More Tears,Ozzy Osbourne,No More Tears (Expanded Edition),2026-03-03 06:10:42,443,False,1991
Yellow Ledbetter,Pearl Jam,Lost Dogs,2026-03-03 05:49:50,304,False,1992
Immigrant Song,Led Zeppelin,Led Zeppelin III,2026-03-03 05:39:36,146,False,1989
So Called Life,Three Days Grace,EXPLOSIONS,2026-03-03 05:32:38,206,True,2021
Fly Away,Lenny Kravitz,5,2026-03-03 05:26:07,222,False,1998
Outside,Aaron Lewis,The Family Values Tour 1999,2026-03-03 05:19:20,344,True,2000
You Shook Me All Night Long,AC/DC,Back In Black,2026-03-03 05:08:37,208,False,1997
Gone Away,The Offspring,Ixnay On The Hombre,2026-03-03 05:01:36,269,False,1998
Dead & Bloated,Stone Temple Pilots,Core,2026-03-03 04:56:06,310,False,2009
Crazy Bitch,Buckcherry,15,2026-03-03 04:52:46,202,True,2006
Nothin',Guns N' Roses,Nothin',2026-03-03 04:48:20,263,False,2025
Turn The Page,Metallica,"Garage, Inc.",2026-03-03 04:42:12,366,False,2006
I Am the Highway,Audioslave,Audioslave,2026-03-03 04:33:33,335,False,2002
Everything Ends,Architects,"The Sky, The Earth & All Between",2026-03-03 04:29:50,220,False,2025
Rockstar,Nickelback,All the Right Reasons,2026-03-03 04:25:31,255,False,2005
Something In The Way,Nirvana,Nevermind,2026-03-03 04:18:41,231,False,
Mr. Crowley,Ozzy Osbourne,Blizzard Of Ozz,2026-03-03 04:08:19,296,False,1982
Cumbersome,Seven Mary Three,American Standard,2026-03-03 04:00:41,236,False,1995
Somewhere I Belong,Linkin Park,Meteora,2026-03-03 03:56:43,213,False,2003
Hard To Handle,The Black Crowes,Shake Your Money Maker,2026-03-03 03:53:33,188,False,1990
Black,Pearl Jam,Ten,2026-03-03 03:47:48,342,False,1991
Far Behind,Candlebox,Candlebox,2026-03-03 03:32:30,299,False,1993
Searchlight,Shinedown,Searchlight,2026-03-03 03:28:57,214,False,2025
Radioactive,Imagine Dragons,Night Visions,2026-03-03 03:25:50,187,False,2012
Bad Guy,Falling in Reverse,Popular Monster,2026-03-03 03:23:03,157,True,2018
Plush,Stone Temple Pilots,Core,2026-03-03 03:17:49,313,False,1992
Bohemian Rhapsody,Queen,A Night At The Opera,2026-03-03 03:08:24,358,False,1975
Ramon Ayala,Giovannie and the Hired Guns,Tejano Punk Boyz,2026-03-03 03:05:37,168,True,2022
The World I Know,Collective Soul,Collective Soul,2026-03-03 03:01:50,257,False,1995
LOOK OUT FOR ME,Turnstile,LOOK OUT FOR ME,2026-03-03 02:53:39,403,False,2025
In Bloom,Nirvana,Nevermind,2026-03-03 02:49:22,254,False,1991
Enter Sandman,Metallica,Metallica,2026-03-03 02:38:45,331,False,1991
End of You,Poppy,End of You,2026-03-03 02:35:26,192,False,2025
Seven Nation Army,The White Stripes,Elephant,2026-03-03 02:31:29,231,False,2003
Free Bird,Lynyrd Skynyrd,Pronounced 'Leh-'Nérd 'Skin-'Nérd,2026-03-03 02:09:03,548,False,1973
Just Pretend,Bad Omens,THE DEATH OF PEACE OF MIND,2026-03-03 02:05:56,204,False,2022
The Middle,Jimmy Eat World,Bleed American,2026-03-03 02:03:07,166,False,2001
Chop Suey!,System of a Down,Toxicity,2026-03-03 01:59:23,210,False,2002
I Don't Know,Ozzy Osbourne,Blizzard Of Ozz,2026-03-03 01:54:25,314,False,1982
Soul to Squeeze,Red Hot Chili Peppers,Greatest Hits,2026-03-03 01:49:32,289,False,1991
THE BOTTOM,Daughtry,THE BOTTOM,2026-03-03 01:45:35,232,False,
Riot,Three Days Grace,One-X,2026-03-03 01:42:14,207,True,2006
Say It Ain't So,Weezer,Weezer,2026-03-03 01:32:53,258,False,2009
For I Am Death,The Pretty Reckless,For I Am Death,2026-03-03 01:29:05,219,False,2025
With Arms Wide Open,Creed,Human Clay,2026-03-03 01:24:45,278,False,2000
Heavy Is the Crown,Linkin Park,From Zero,2026-03-03 01:21:57,167,False,2024
If You Could Only See,Tonic,Lemon Parade,2026-03-03 01:17:51,261,False,1996
Sweet Child O' Mine,Guns N' Roses,Appetite For Destruction,2026-03-03 01:07:18,355,False,1991
Voices In My Head,Falling in Reverse,Popular Monster,2026-03-03 01:04:01,191,True,2017
My Own Worst Enemy,Lit,A Place In The Sun,2026-03-03 01:01:08,178,True,1999
"You're Gonna Go Far, Kid",The Offspring,"Rise And Fall, Rage And Grace",2026-03-03 00:54:10,178,True,2008
Pale Horse,Chevelle,Bright as Blasphemy,2026-03-03 00:49:36,277,False,2025
I Stay Away,Alice in Chains,Nothing Safe - The Best Of The Box,2026-03-03 00:45:22,254,False,1994
Better Man,Pearl Jam,Vitalogy,2026-03-03 00:35:49,269,False,1994
Meant to Live,Switchfoot,The Beautiful Letdown (Deluxe Version),2026-03-03 00:29:55,205,False,2003
Kill The Noise,Papa Roach,Ego Trip,2026-03-03 00:26:48,188,True,2021
Nothing Else Matters,Metallica,Metallica,2026-03-03 00:20:22,388,False,2004
Big Empty,Stone Temple Pilots,Purple,2026-03-03 00:01:17,294,False,2014
Nothin',Guns N' Roses,Nothin',2026-03-02 23:56:40,263,False,2025
Alive,P.O.D.,Satellite,2026-03-02 23:53:17,203,False,2002
Californication,Red Hot Chili Peppers,Californication,2026-03-02 23:42:28,329,False,1999
Stairway To Heaven,Led Zeppelin,Led Zeppelin IV (Remastered),2026-03-02 23:30:45,482,False,1987
Liar,Jelly Roll,Beautifully Broken,2026-03-02 23:27:27,205,False,2024
All Apologies,Nirvana,In Utero,2026-03-02 23:23:38,230,False,1993
Runaway,Linkin Park,Hybrid Theory,2026-03-02 23:20:26,183,False,2000
Bad Guy,Falling in Reverse,Popular Monster,2026-03-02 23:05:24,157,True,2018
Sex & Candy,Marcy Playground,Marcy Playground,2026-03-02 23:02:39,172,False,1997
All My Life,Foo Fighters,One By One (Expanded Edition),2026-03-02 22:58:07,262,False,2002
Hurt (Quiet),Nine Inch Nails,Further Down The Spiral,2026-03-02 22:49:47,308,True,1995
Remedy,Seether,Karma and Effect,2026-03-02 22:40:51,207,False,2005
Paranoid,Black Sabbath,Paranoid,2026-03-02 22:34:52,168,False,1991
Just Pretend,Bad Omens,THE DEATH OF PEACE OF MIND,2026-03-02 22:28:10,204,False,2022
When I Come Around,Green Day,Dookie,2026-03-02 22:25:17,178,False,1994
Suicide & Redemption,Metallica,Death Magnetic,2026-03-02 22:04:40,597,False,2008
Hardwired,Metallica,Hardwired…To Self-Destruct (Deluxe),2026-03-02 22:01:29,191,True,2017
Bawitdaba,Kid Rock,Devil Without a Cause,2026-03-02 21:58:00,265,True,1998
LOOK OUT FOR ME,Turnstile,LOOK OUT FOR ME,2026-03-02 21:54:44,403,False,2025
Coming Undone,Korn,See You On the Other Side,2026-03-02 21:51:26,199,False,2005
Paradise City,Guns N' Roses,Appetite For Destruction,2026-03-02 21:30:32,406,False,1991
So Called Life,Three Days Grace,EXPLOSIONS,2026-03-02 21:27:09,206,True,2021
Kryptonite,3 Doors Down,The Better Life,2026-03-02 21:23:21,234,False,2000
Smooth Criminal,Alien Ant Farm,Anthology,2026-03-02 21:19:52,209,False,2001
Bullet With Butterfly Wings,Smashing Pumpkins,Mellon Collie And The Infinite Sadness,2026-03-02 21:07:51,256,False,1996
Even If It Kills Me,Papa Roach,Even If It Kills Me,2026-03-02 21:04:18,212,False,2025
I Found Love (When I Found You),Kenny Wayne Shepherd,Trouble Is...,2026-03-02 21:00:16,241,False,1997
Your Favorite Toy,Foo Fighters,Your Favorite Toy,2026-03-02 20:57:02,176,False,2026
Prayer,Disturbed,Believe,2026-03-02 20:53:24,218,False,2002
Jeremy,Pearl Jam,Ten,2026-03-02 20:41:42,318,True,2020
For I Am Death,The Pretty Reckless,For I Am Death,2026-03-02 20:37:59,219,False,2025
Every Rose Has Its Thorn,Poison,Open Up And Say . . . Ahh!,2026-03-02 20:33:38,258,False,1991
ZOMBIFIED,Falling in Reverse,Popular Monster,2026-03-02 20:29:55,218,True,2022
Come As You Are,Nirvana,Nevermind,2026-03-02 20:26:23,218,False,1991
Lightning Crashes,Live,Throwing Copper,2026-03-02 20:08:59,325,False,2000
Heavy Is the Crown,Linkin Park,From Zero,2026-03-02 20:06:12,167,False,2024
Far Behind,Candlebox,Candlebox,2026-03-02 19:58:18,299,False,1993
Dead Don’t Die,Shinedown,Planet Zero,2026-03-02 19:55:02,194,False,2022
Footsteps,Pop Evil,UP,2026-03-02 19:39:45,263,False,2015
Cult of Personality (2023 Remaster),Living Colour,Vivid,2026-03-02 19:34:58,294,False,1988
Comedown,Bush,Sixteen Stone,2026-03-02 19:25:49,326,False,2005
Going Under,Evanescence,Fallen,2026-03-02 19:22:16,214,False,2004
Ensenada,Sublime,Ensenada,2026-03-02 19:07:48,155,True,2025
Wish You Were Here,Incubus,Morning View,2026-03-02 19:00:56,211,False,2004
Down In A Hole (2022 Remaster),Alice in Chains,Dirt,2026-03-02 18:51:20,338,False,1996
B.Y.O.B.,System of a Down,Mezmerize,2026-03-02 18:47:00,257,True,2005
Killing In the Name,Rage Against the Machine,Rage Against The Machine,2026-03-02 18:32:04,313,True,1994
Alive,Pearl Jam,Ten,2026-03-02 18:14:37,341,False,1996
Bad Guy,Falling in Reverse,Popular Monster,2026-03-02 18:11:58,157,True,2018
Zombie,The Cranberries,Zombie,2026-03-02 18:06:51,307,False,2010
Ain't No Rest for the Wicked,Cage the Elephant,Cage The Elephant (Expanded Edition),2026-03-02 18:03:52,175,False,2008
Whatever,Godsmack,Godsmack,2026-03-02 18:00:21,206,True,1996
Click Click Boom,Saliva,Back Into Your System,2026-03-02 17:45:31,254,False,2000
Like a Stone,Audioslave,Audioslave,2026-03-02 17:40:35,294,False,2002
Fade,Staind,Break the Cycle,2026-03-02 17:36:31,242,False,2002
Turn The Page,Metallica,"Garage, Inc.",2026-03-02 17:30:28,366,False,2006
Black Betty,Ram Jam,Ram Jam,2026-03-02 17:18:16,237,False,1993
My Own Prison,Creed,My Own Prison,2026-03-02 17:10:43,295,False,1999
Just Pretend,Bad Omens,THE DEATH OF PEACE OF MIND,2026-03-02 17:07:31,204,False,2022
Plush,Stone Temple Pilots,Core,2026-03-02 17:02:19,313,False,1992
What I've Done,Linkin Park,Minutes to Midnight,2026-03-02 16:58:49,205,False,2007
Angels Fall,Breaking Benjamin,Dark Before Dawn,2026-03-02 16:54:50,229,False,2015
Shine,Collective Soul,"Hints, Allegations & Things Left Unsaid",2026-03-02 16:49:44,306,False,1993
Welcome To The Jungle,Guns N' Roses,Appetite For Destruction,2026-03-02 16:42:23,271,False,1991
Heathens,Twenty One Pilots,Suicide Squad: The Album,2026-03-02 16:39:02,195,False,2016
End of You,Poppy,End of You,2026-03-02 16:29:56,192,False,2025
The Kids Aren't Alright,The Offspring,Americana,2026-03-02 16:26:53,180,False,1999
Save Me,Shinedown,Us and Them,2026-03-02 16:23:10,213,False,2005
Comfortably Numb,Pink Floyd,The Wall,2026-03-02 16:05:38,382,False,2005
Smells Like Teen Spirit,Nirvana,Nevermind,2026-03-02 16:00:42,301,False,2004
Scar Tissue,Red Hot Chili Peppers,Californication,2026-03-02 15:56:54,215,False,1999
Nightmare,Avenged Sevenfold,Nightmare,2026-03-02 15:51:31,374,True,2010
Dragula,Rob Zombie,Hellbilly Deluxe,2026-03-02 15:41:17,222,False,1999
She Talks To Angels,The Black Crowes,Shake Your Money Maker,2026-03-02 15:35:54,330,False,1990
Heavy Is the Crown,Linkin Park,From Zero,2026-03-02 15:33:09,167,False,2024
How You Remind Me,Nickelback,Silver Side Up,2026-03-02 15:24:17,223,False,2002
What It's Like,Everlast,Whitey Ford Sings The Blues,2026-03-02 15:10:21,304,False,1999
So Called Life,Three Days Grace,EXPLOSIONS,2026-03-02 15:06:54,206,True,2021
Even Flow,Pearl Jam,Ten,2026-03-02 15:01:59,294,True,1994
Hey You,Disturbed,Divisive,2026-03-02 14:57:17,268,True,2022
Wherever I May Roam,Metallica,Metallica,2026-03-02 14:50:25,404,False,2004
No More Tears,Ozzy Osbourne,No More Tears (Expanded Edition),2026-03-02 14:33:59,443,False,1991
Spoonman,Soundgarden,Telephantasm,2026-03-02 14:26:00,246,False,1994
Feel Good Inc.,Gorillaz,Demon Days,2026-03-02 14:22:17,222,False,2005
Good Riddance (Time of Your Life),Green Day,Nimrod,2026-03-02 14:19:40,153,True,2005
Ramon Ayala,Giovannie and the Hired Guns,Tejano Punk Boyz,2026-03-02 14:09:47,168,True,2022
Sweet Home Alabama,Lynyrd Skynyrd,Second Helping,2026-03-02 14:05:07,284,False,1995
Man in the Box,Alice in Chains,Facelift,2026-03-02 14:00:19,286,True,1993
Higher,Creed,Human Clay,2026-03-02 13:55:28,325,False,1999
Centuries,Fall Out Boy,American Beauty/American Psycho,2026-03-02 13:44:52,231,False,2014
Free Fallin',Tom Petty,Full Moon Fever,2026-03-02 13:40:38,254,False,1989
Dead Don’t Die,Shinedown,Planet Zero,2026-03-02 13:37:24,194,False,2022
Master Of Puppets (Remastered),Metallica,Master of Puppets (Remastered),2026-03-02 13:28:51,515,False,2006
Hurt,Johnny Cash,American IV: The Man Comes Around,2026-03-02 13:25:13,216,False,2002
Dead & Bloated,Stone Temple Pilots,Core,2026-03-02 13:20:02,310,False,2009
Just Pretend,Bad Omens,THE DEATH OF PEACE OF MIND,2026-03-02 13:08:51,204,False,2022
Pardon Me,Incubus,Make Yourself,2026-03-02 13:05:29,224,False,2002
The Man Who Sold The World,Nirvana,MTV Unplugged In New York,2026-03-02 12:54:08,260,False,2000
The Diary of Jane,Breaking Benjamin,Phobia,2026-03-02 12:44:56,198,False,2006
Wanted Dead Or Alive,Bon Jovi,Slippery When Wet,2026-03-02 12:40:44,308,False,1986
Around the World,Red Hot Chili Peppers,Californication,2026-03-02 12:33:16,238,True,2011
Flying High Again,Ozzy Osbourne,Diary Of A Madman,2026-03-02 12:10:22,284,False,1981
Yellow Ledbetter,Pearl Jam,Lost Dogs,2026-03-02 12:05:14,304,False,1992
Schism,TOOL,Lateralus,2026-03-02 11:58:14,407,False,
Heavy Is the Crown,Linkin Park,From Zero,2026-03-02 11:55:24,167,False,2024
Here Without You,3 Doors Down,Away From The Sun,2026-03-02 11:41:49,237,False,2002
Knockin' On Heaven's Door,Guns N' Roses,Days Of Thunder,2026-03-02 11:36:11,336,False,1991
Hey You,Disturbed,Divisive,2026-03-02 11:31:41,268,True,2022
Santeria,Sublime,Sublime,2026-03-02 11:28:19,183,False,1996
Simple Man,Shinedown,Leave a Whisper,2026-03-02 11:22:58,265,False,2004
Brain Stew,Green Day,Insomniac,2026-03-02 11:19:44,193,True,2021
Drive,Incubus,Make Yourself,2026-03-02 10:48:29,232,False,1999
Bad Guy,Falling in Reverse,Popular Monster,2026-03-02 10:45:49,157,True,2018
We Will Rock You,Queen,News of the World,2026-03-02 10:40:41,123,False,2010
Paralyzer,Finger Eleven,Them vs. You vs. Me,2026-03-02 10:37:07,208,False,2007
Lithium,Nirvana,Nevermind,2026-03-02 10:32:48,255,False,1998
Kill The Noise,Papa Roach,Ego Trip,2026-03-02 10:29:44,188,True,2021
Water Song/Janie's Got A Gun,Aerosmith,Pump,2026-03-02 10:17:52,333,False,2009
Just Pretend,Bad Omens,THE DEATH OF PEACE OF MIND,2026-03-02 10:10:34,204,False,2022
"Touch, Peel And Stand",Days of the New,Days Of The New,2026-03-02 10:05:19,297,False,1997
Faint,Linkin Park,Meteora,2026-03-02 10:02:30,162,False,2003
Fake It,Seether,Finding Beauty In Negative Spaces,2026-03-02 09:58:59,194,False,2007
One Last Breath,Creed,Weathered,2026-03-02 09:40:15,238,False,2001
If You Could Only See,Tonic,Lemon Parade,2026-03-02 09:36:08,261,False,1996
So Called Life,Three Days Grace,EXPLOSIONS,2026-03-02 09:31:13,206,True,2021
Mr. Crowley,Ozzy Osbourne,Blizzard Of Ozz,2026-03-02 09:22:10,296,False,1988
Youth of the Nation,P.O.D.,Satellite,2026-03-02 08:57:05,256,False,2001
Freak On a Leash,Korn,Follow The Leader,2026-03-02 08:35:27,255,True,1999
Black Dog,Led Zeppelin,Led Zeppelin IV (Remastered),2026-03-02 08:21:41,295,False,2008
In the End,Linkin Park,Hybrid Theory,2026-03-02 08:03:32,216,False,2003
The World I Know,Collective Soul,Collective Soul,2026-03-02 07:41:53,257,False,1995
Hey You,Disturbed,Divisive,2026-03-02 07:22:46,268,True,2022
I Will Not Bow,Breaking Benjamin,Dear Agony,2026-03-02 07:00:09,216,False,2009
Seven Nation Army,The White Stripes,Elephant,2026-03-02 06:32:37,231,False,2003
Alive,Pearl Jam,Ten,2026-03-02 06:16:33,341,False,1996
Back In Black,AC/DC,Back In Black,2026-03-02 06:12:24,253,False,1980
Re-Align,Godsmack,Faceless,2026-03-02 05:59:39,261,False,2003
Scar Tissue,Red Hot Chili Peppers,Californication,2026-03-02 05:50:49,215,False,1999
Sweet Emotion,Aerosmith,Toys In The Attic,2026-03-02 05:39:17,274,False,1979
ZOMBIFIED,Falling in Reverse,Popular Monster,2026-03-02 05:32:20,218,True,2022
Glycerine,Bush,Sixteen Stone,2026-03-02 05:28:10,266,False,1994
Savior,Rise Against,Appeal To Reason,2026-03-02 05:21:20,242,False,2008
Another One Bites The Dust,Queen,The Game,2026-03-02 05:10:43,217,False,1980
BURN IT DOWN,Linkin Park,BURN IT DOWN,2026-03-02 04:59:36,231,False,2012
More Human Than Human,White Zombie,"Astro Creep: 2000 Songs Of Love, Destruction And Other Synthetic Delusions Of The Electric Head",2026-03-02 04:55:14,272,False,1995
All Apologies,Nirvana,In Utero,2026-03-02 04:51:25,230,False,1993
Under the Graveyard,Ozzy Osbourne,Ordinary Man,2026-03-02 04:46:26,299,False,2019
Pale Horse,Chevelle,Bright as Blasphemy,2026-03-02 04:41:54,277,False,2025
Creep,Radiohead,Pablo Honey,2026-03-02 04:30:06,238,True,1992
For I Am Death,The Pretty Reckless,For I Am Death,2026-03-02 04:26:20,219,False,2025
Bring Me To Life,Evanescence,Fallen,2026-03-02 04:22:23,235,False,2003
Dead Don’t Die,Shinedown,Planet Zero,2026-03-02 04:19:05,194,False,2022
Even Flow,Pearl Jam,Ten,2026-03-02 04:14:11,294,True,1994
I Won't Back Down,Tom Petty,Full Moon Fever,2026-03-02 04:06:48,176,False,2001
Good Riddance (Time of Your Life),Green Day,Nimrod,2026-03-02 04:00:45,153,True,2005
Civil War,Guns N' Roses,Use Your Illusion II,2026-03-02 03:52:56,456,False,2011
She Hates Me,Puddle of Mudd,Come Clean,2026-03-02 03:49:17,216,True,2005
THE BOTTOM,Daughtry,THE BOTTOM,2026-03-02 03:45:23,232,False,
"Sugar, We're Goin Down",Fall Out Boy,From Under The Cork Tree,2026-03-02 03:41:45,232,False,2006
Voices,Disturbed,The Sickness,2026-03-02 03:35:12,191,True,2000
Ensenada,Sublime,Ensenada,2026-03-02 03:32:29,155,True,2025
Cold,Crossfade,Cheap Date,2026-03-02 03:29:12,198,False,2003
Heavy Is the Crown,Linkin Park,From Zero,2026-03-02 03:26:24,167,False,2024
My Own Prison,Creed,My Own Prison,2026-03-02 03:22:09,295,False,1999
Cult of Personality (2023 Remaster),Living Colour,Vivid,2026-03-02 03:11:04,294,False,1988
So Called Life,Three Days Grace,EXPLOSIONS,2026-03-02 03:07:37,206,True,2021
Jumper,Third Eye Blind,Third Eye Blind,2026-03-02 02:59:43,272,False,1998
For You,Staind,Break the Cycle,2026-03-02 02:52:34,206,True,2001
Your Favorite Toy,Foo Fighters,Your Favorite Toy,2026-03-02 02:49:29,176,False,2026
Falling Away from Me,Korn,Issues,2026-03-02 02:45:04,271,True,2007
Hunger Strike,Temple of the Dog,Temple Of The Dog,2026-03-02 02:36:13,243,False,1990
Everything Ends,Architects,"The Sky, The Earth & All Between",2026-03-02 02:32:31,220,False,2025
Broken,Seether,Disclaimer,2026-03-02 02:28:13,260,False,2004
Dragula,Rob Zombie,Hellbilly Deluxe,2026-03-02 02:21:40,222,False,1999
Every Rose Has Its Thorn,Poison,Open Up And Say . . . Ahh!,2026-03-02 02:13:46,258,False,2003
Like a Stone,Audioslave,Audioslave,2026-03-02 02:05:06,294,False,2002
For Whom The Bell Tolls (Remastered),Metallica,Ride The Lightning (Remastered),2026-03-02 01:59:48,309,False,1984
Not Falling,Mudvayne,The End Of All Things To Come,2026-03-02 01:55:43,244,False,2002
"Another Brick in the Wall, Pt. 2",Pink Floyd,The Wall,2026-03-02 01:51:30,238,False,2003
Heart-Shaped Box,Nirvana,In Utero,2026-03-02 01:46:48,279,False,
Nothin',Guns N' Roses,Nothin',2026-03-02 01:42:27,263,False,2025
Down with the Sickness,Disturbed,The Sickness,2026-03-02 01:38:31,277,False,2001
Closer,Nine Inch Nails,The Downward Spiral,2026-03-02 01:31:15,373,True,1994
Stressed Out,Twenty One Pilots,Blurryface,2026-03-02 01:24:17,202,False,2015
Dead & Bloated,Stone Temple Pilots,Core,2026-03-02 01:16:23,310,False,1992
Over the Hills and Far Away,Led Zeppelin,Houses of the Holy,2026-03-02 01:08:41,290,False,1989
Whatever,Godsmack,Godsmack,2026-03-02 01:02:13,206,True,1996
Stoned And Drunk,Black Label Society,The Blessed Hellride,2026-03-02 00:57:04,302,False,2003
Thunderhorse,Dethklok,The Dethalbum,2026-03-02 00:50:53,165,False,2007
Blood,In This Moment,Blood,2026-03-02 00:44:27,208,False,2012
L'enfant sauvage,Gojira,L'Enfant Sauvage,2026-03-02 00:36:51,257,False,2012
Return to Serenity,Testament,The Ritual,2026-03-02 00:30:30,390,False,1992
It Never Ends,Bring Me the Horizon,There Is A Hell Believe Me I've Seen It. There Is A Heaven Let's Keep It A Secret,2026-03-02 00:25:55,274,True,2010
H.,TOOL,Ænima,2026-03-02 00:19:59,367,False,1996
Got The Time,Anthrax,Persistence Of Time,2026-03-02 00:12:35,164,False,2022
At The Helm,Fury & Solace,At The Helm,2026-03-01 23:53:01,411,False,2026
Molly,Sweet Liar,Molly,2026-03-01 23:47:53,313,False,
Carniferous,DISSOCIATED,Carniferous,2026-03-01 23:44:44,192,False,
FLASHBANG,Reddex,FLASHBANG,2026-03-01 23:34:50,235,False,
Rise,Beauty From Ashes,Rise,2026-03-01 23:27:12,225,False,
Mirage,Obsidian Mind,Mirage,2026-03-01 23:23:00,255,False,
Incandescent,PALE//TWIN,Incandescent,2026-03-01 23:15:17,242,False,
What Is It I'm Here For?,Jordon frank,What Is It I'm Here For?,2026-03-01 23:07:05,187,False,
Death Machine,Form of Aggression,Death Machine,2026-03-01 23:02:25,282,False,
Fade,Staind,Break the Cycle,2026-03-01 22:54:35,242,False,2001
Pale Horse,Chevelle,Bright as Blasphemy,2026-03-01 22:50:03,277,False,2025
Sound of Madness,Shinedown,The Sound of Madness,2026-03-01 22:46:11,233,False,2008
Rooster (2022 Remaster),Alice in Chains,Dirt,2026-03-01 22:34:13,374,False,1993
Epic,Faith No More,The Real Thing,2026-03-01 22:27:34,293,False,1989
The Man Who Sold The World,Nirvana,MTV Unplugged In New York,2026-03-01 22:20:52,260,False,2000
The Middle,Jimmy Eat World,Bleed American,2026-03-01 22:08:20,166,False,2001
Heavy Is the Crown,Linkin Park,From Zero,2026-03-01 22:05:30,167,False,2024
Wherever I May Roam,Metallica,Metallica,2026-03-01 21:58:53,404,False,2004
Dying To Love,Bad Omens,Dying To Love,2026-03-01 21:54:46,256,False,2025
Believer,Imagine Dragons,Evolve,2026-03-01 21:51:27,202,False,2017
Better Man,Pearl Jam,Vitalogy,2026-03-01 21:46:55,269,False,2003
Everything Ends,Architects,"The Sky, The Earth & All Between",2026-03-01 21:38:49,220,False,2025
Hey You,Disturbed,Divisive,2026-03-01 21:28:28,268,True,2022
What It's Like,Everlast,Whitey Ford Sings The Blues,2026-03-01 21:23:29,304,False,1998
"You're Gonna Go Far, Kid",The Offspring,"Rise And Fall, Rage And Grace",2026-03-01 21:20:25,178,True,2023
Wicked Garden,Stone Temple Pilots,Core,2026-03-01 21:09:12,259,False,2014
Soul to Squeeze,Red Hot Chili Peppers,Greatest Hits,2026-03-01 21:00:47,289,False,1991
The Beautiful People,Marilyn Manson,Antichrist Superstar,2026-03-01 20:56:46,219,True,2002
Centuries,Fall Out Boy,American Beauty/American Psycho,2026-03-01 20:52:57,231,False,2014
Nothin',Guns N' Roses,Nothin',2026-03-01 20:48:37,263,False,2025
Control,Puddle of Mudd,Come Clean,2026-03-01 20:44:52,230,True,2001
Drive,Incubus,Make Yourself,2026-03-01 20:34:29,232,False,1999
Searchlight,Shinedown,Searchlight,2026-03-01 20:30:58,214,False,2025
The Unforgiven,Metallica,Metallica,2026-03-01 20:18:28,387,False,1990
Straight Out Of Line,Godsmack,Faceless,2026-03-01 20:14:30,259,False,2003
Bad Guy,Falling in Reverse,Popular Monster,2026-03-01 20:02:21,157,True,2018
Last Kiss,Pearl Jam,Lost Dogs,2026-03-01 19:59:09,195,False,2001
Rockstar,Nickelback,All the Right Reasons,2026-03-01 19:54:41,255,False,2005
End of You,Poppy,End of You,2026-03-01 19:51:26,192,False,2025
In Bloom,Nirvana,Nevermind,2026-03-01 19:47:11,254,False,1991
War Is the Answer,Five Finger Death Punch,War Is the Answer,2026-03-01 19:36:51,198,True,2009
You Shook Me All Night Long,AC/DC,Back In Black,2026-03-01 19:33:11,208,False,1980
Sober,TOOL,Undertow,2026-03-01 19:24:58,306,True,1993
Lost,Linkin Park,Meteora 20th Anniversary Edition,2026-03-01 19:21:42,199,False,2023
Cumbersome,Seven Mary Three,American Standard,2026-03-01 19:17:51,236,False,1995
Just Pretend,Bad Omens,THE DEATH OF PEACE OF MIND,2026-03-01 19:08:26,204,False,2022
The World I Know,Collective Soul,Collective Soul,2026-03-01 19:04:42,257,False,1995
With Arms Wide Open,Creed,Human Clay,2026-03-01 19:00:20,278,False,2000
Stricken,Disturbed,Ten Thousand Fists,2026-03-01 18:41:50,245,False,2005
Welcome To The Jungle,Guns N' Roses,Appetite For Destruction,2026-03-01 18:37:23,271,False,1991
So Called Life,Three Days Grace,EXPLOSIONS,2026-03-01 18:33:58,206,True,2021
"Touch, Peel And Stand",Days of the New,Days Of The New,2026-03-01 18:29:05,297,False,1997
So Cold,Breaking Benjamin,We Are Not Alone,2026-03-01 18:25:15,273,False,2007
When I Come Around,Green Day,Dookie,2026-03-01 18:22:24,178,False,1994
Fine Again,Seether,Disclaimer,2026-03-01 18:06:53,244,False,2006
Here Without You,3 Doors Down,Away From The Sun,2026-03-01 18:03:01,237,False,2002
The Kill (Bury Me),Thirty Seconds to Mars,A Beautiful Lie,2026-03-01 17:58:53,231,False,2006
Creep,Stone Temple Pilots,Core,2026-03-01 17:49:39,334,False,1992
Toxicity,System of a Down,Toxicity,2026-03-01 17:39:50,218,False,2001
Heavy Is the Crown,Linkin Park,From Zero,2026-03-01 17:32:49,167,False,2024
Lightning Crashes,Live,Throwing Copper,2026-03-01 17:27:32,325,False,2000
My Way,Limp Bizkit,Greatest Hitz,2026-03-01 17:22:58,273,True,2000
Come As You Are,Nirvana,Nevermind,2026-03-01 17:19:27,218,False,1991
Dead Don’t Die,Shinedown,Planet Zero,2026-03-01 17:09:38,194,False,2022
Free Bird,Lynyrd Skynyrd,Pronounced 'Leh-'Nérd 'Skin-'Nérd,2026-03-01 17:00:34,548,False,1973
Ensenada,Sublime,Ensenada,2026-03-01 16:57:43,155,True,2025
I Hate Everything About You,Three Days Grace,Three Days Grace,2026-03-01 16:42:04,231,False,2003
Hey You,Disturbed,Divisive,2026-03-01 16:33:02,268,True,2022
My Own Worst Enemy,Lit,A Place In The Sun,2026-03-01 16:30:11,178,True,1999
Outside,Staind,Break the Cycle,2026-03-01 16:25:15,293,False,2001
Bullet With Butterfly Wings,Smashing Pumpkins,Mellon Collie And The Infinite Sadness,2026-03-01 16:20:57,256,False,1996
Higher,Creed,Human Clay,2026-03-01 16:01:58,325,False,1999
Alive,Pearl Jam,Ten,2026-03-01 15:55:57,341,False,1996
Sweet Dreams (Are Made Of This),Marilyn Manson,Smells Like Children,2026-03-01 15:48:39,293,False,1994
Sweet Child O' Mine,Guns N' Roses,Appetite For Destruction,2026-03-01 15:33:59,355,False,1991
Bad Guy,Falling in Reverse,Popular Monster,2026-03-01 15:31:19,157,True,2018
New Divide,Linkin Park,Papercuts,2026-03-01 15:24:04,269,False,2009
Self Esteem,The Offspring,Smash,2026-03-01 15:19:48,257,False,1994
Immigrant Song,Led Zeppelin,Led Zeppelin III,2026-03-01 15:05:56,146,False,1989
Comedown,Bush,Sixteen Stone,2026-03-01 15:00:35,326,False,2005
Everything Ends,Architects,"The Sky, The Earth & All Between",2026-03-01 14:56:46,220,False,2025
Shine,Collective Soul,"Hints, Allegations & Things Left Unsaid",2026-03-01 14:51:38,306,False,1993
Snow (Hey Oh),Red Hot Chili Peppers,The Studio Album Collection 1991 - 2011,2026-03-01 14:41:01,334,False,2006
War Pigs / Luke's Wall,Black Sabbath,Paranoid,2026-03-01 14:33:58,474,False,1970
So Called Life,Three Days Grace,EXPLOSIONS,2026-03-01 14:30:34,206,True,2021
Yellow Ledbetter,Pearl Jam,Lost Dogs,2026-03-01 14:25:27,304,False,1992
Ain't No Rest for the Wicked,Cage the Elephant,Cage The Elephant (Expanded Edition),2026-03-01 14:22:31,175,False,2008
Sad But True,Metallica,Metallica,2026-03-01 14:16:59,324,False,1991
Just Pretend,Bad Omens,THE DEATH OF PEACE OF MIND,2026-03-01 14:07:30,204,False,2022
Someday,Nickelback,The Long Road,2026-03-01 13:58:56,207,False,2003
Killing In the Name,Rage Against the Machine,Rage Against The Machine,2026-03-01 13:50:59,313,True,2007
You're Going Down,Sick Puppies,Tri-polar,2026-03-01 13:41:34,187,True,2009
Knockin' On Heaven's Door,Guns N' Roses,Days Of Thunder,2026-03-01 13:35:54,336,False,1995
Even If It Kills Me,Papa Roach,Even If It Kills Me,2026-03-01 13:32:21,212,False,2025
Lithium,Nirvana,Nevermind,2026-03-01 13:28:06,255,False,1994
Bother,Stone Sour,Stone Sour,2026-03-01 13:24:10,240,True,2002
Brain Stew,Green Day,Insomniac,2026-03-01 13:20:55,193,True,2021
Hey You,Disturbed,Divisive,2026-03-01 13:10:59,268,True,2022
Sweet Emotion,Aerosmith,Toys In The Attic,2026-03-01 13:06:24,274,False,1979
Down In A Hole (2022 Remaster),Alice in Chains,Dirt,2026-03-01 13:00:27,338,False,1996
Hunger Strike,Temple of the Dog,Temple Of The Dog,2026-03-01 12:56:15,243,False,2008
Hail to the King,Avenged Sevenfold,Hail to the King,2026-03-01 12:43:42,305,False,2013
Black Betty,Ram Jam,Ram Jam,2026-03-01 12:39:44,237,False,1993
Liar,Jelly Roll,Beautifully Broken,2026-03-01 12:36:24,205,False,2024
Like a Stone,Audioslave,Audioslave,2026-03-01 12:31:24,294,False,2002
Coming Undone,Korn,See You On the Other Side,2026-03-01 12:28:01,199,False,2005
Nothing Else Matters,Metallica,Metallica,2026-03-01 12:21:26,388,False,2004
Heavy Is the Crown,Linkin Park,From Zero,2026-03-01 12:09:32,167,False,2024
Fly Away,Lenny Kravitz,5,2026-03-01 12:05:43,222,False,1998
Scar Tissue,Red Hot Chili Peppers,Californication,2026-03-01 11:57:34,215,False,1999
ZOMBIFIED,Falling in Reverse,Popular Monster,2026-03-01 11:53:50,218,True,2022
Zombie,Bad Wolves,Disobey,2026-03-01 11:37:56,254,False,2018
Cult of Personality (2023 Remaster),Living Colour,Vivid,2026-03-01 11:33:02,294,False,1988
Sex & Candy,Marcy Playground,Marcy Playground,2026-03-01 11:26:32,172,False,1997
Just Like You,Three Days Grace,Three Days Grace,2026-03-01 11:23:25,186,False,2003
The Kids Aren't Alright,The Offspring,Americana,2026-03-01 11:20:13,180,False,1999
Ramon Ayala,Giovannie and the Hired Guns,Tejano Punk Boyz,2026-03-01 11:10:10,168,True,2022
Tuesday's Gone,Lynyrd Skynyrd,Lynyrd Skynyrd,2026-03-01 11:02:39,452,False,1973
Daughter,Pearl Jam,Vs.,2026-03-01 10:58:53,234,False,2000
So Far Away,Staind,14 Shades of Grey,2026-03-01 10:54:40,244,False,2003
Alive,P.O.D.,Satellite,2026-03-01 10:40:01,203,False,2002
Back In Black,AC/DC,Back In Black,2026-03-01 10:35:47,253,False,1980
Crazy Bitch,Buckcherry,15,2026-03-01 10:23:57,202,True,2006
Big Empty,Stone Temple Pilots,Purple,2026-03-01 10:19:04,294,False,2014
Bad Guy,Falling in Reverse,Popular Monster,2026-03-01 10:08:20,157,True,2018
Hemorrhage (In My Hands),Fuel,Something Like Human,2026-03-01 10:04:23,236,False,2000
Radioactive,Imagine Dragons,Night Visions,2026-03-01 10:01:15,187,False,2012
Dead Don’t Die,Shinedown,Planet Zero,2026-03-01 09:57:42,194,False,2022
Boulevard of Broken Dreams,Green Day,American Idiot,2026-03-01 09:43:27,260,True,2004
Just Pretend,Bad Omens,THE DEATH OF PEACE OF MIND,2026-03-01 09:33:30,204,False,2022
Something In The Way,Nirvana,Nevermind,2026-03-01 09:29:35,231,False,
One Step Closer,Linkin Park,Hybrid Theory,2026-03-01 09:26:58,157,False,2000
The Middle,Jimmy Eat World,Bleed American,2026-03-01 09:24:13,166,False,2008
Hey You,Disturbed,Divisive,2026-03-01 09:12:02,268,True,2022
Wanted Dead Or Alive,Bon Jovi,Slippery When Wet,2026-03-01 09:07:53,308,False,1986
Photograph,Nickelback,All the Right Reasons,2026-03-01 08:59:11,258,False,2005
Fade To Black (Remastered),Metallica,Ride The Lightning (Deluxe Remaster),2026-03-01 08:48:30,417,False,2016
Meant to Live,Switchfoot,The Beautiful Letdown (Deluxe Version),2026-03-01 08:39:13,205,False,2003
Black Dog,Led Zeppelin,Led Zeppelin IV (Remastered),2026-03-01 08:34:19,295,False,2008
Paralyzer,Finger Eleven,Them vs. You vs. Me,2026-03-01 08:21:41,208,False,2007
Break Stuff,Limp Bizkit,Significant Other,2026-03-01 08:18:46,167,False,2000
Even If It Kills Me,Papa Roach,Even If It Kills Me,2026-03-01 08:09:12,212,False,2025
My Own Prison,Creed,My Own Prison,2026-03-01 08:04:57,295,False,1997
"Sugar, We're Goin Down",Fall Out Boy,From Under The Cork Tree,2026-03-01 08:01:17,232,False,2006
Mother,Danzig,Danzig,2026-03-01 07:57:37,206,True,1991
ZOMBIFIED,Falling in Reverse,Popular Monster,2026-03-01 07:53:57,218,True,2022
I Stay Away,Alice in Chains,Nothing Safe - The Best Of The Box,2026-03-01 07:49:44,254,False,1994
Under the Graveyard,Ozzy Osbourne,Ordinary Man,2026-03-01 07:44:44,299,False,2019
Gone Away,The Offspring,Ixnay On The Hombre,2026-03-01 07:40:19,269,False,2008
Spoonman,Soundgarden,Telephantasm,2026-03-01 06:58:24,246,False,1994
Dying To Love,Bad Omens,Dying To Love,2026-03-01 06:54:27,256,False,2025
Kryptonite,3 Doors Down,The Better Life,2026-03-01 06:50:37,234,False,2000
Bawitdaba,Kid Rock,Devil Without a Cause,2026-03-01 06:37:16,265,True,1998
Ensenada,Sublime,Ensenada,2026-03-01 06:34:37,155,True,2025
MONSTERS,Shinedown,ATTENTION ATTENTION,2026-03-01 06:30:29,248,False,2018
Heavy Is the Crown,Linkin Park,From Zero,2026-03-01 06:27:42,167,False,2024
I Won't Back Down,Tom Petty,Full Moon Fever,2026-03-01 06:13:10,176,False,2001
Voodoo / Hidden Track,Godsmack,Godsmack,2026-03-01 06:05:26,543,False,
Remedy,Seether,Karma and Effect,2026-03-01 05:56:46,207,False,2005
Nothin',Guns N' Roses,Nothin',2026-03-01 05:52:21,263,False,2025
My Own Worst Enemy,Lit,A Place In The Sun,2026-03-01 05:49:28,178,True,1999
Wicked Garden,Stone Temple Pilots,Core,2026-03-01 05:39:10,259,False,1994
Everything Ends,Architects,"The Sky, The Earth & All Between",2026-03-01 05:35:29,220,False,2025
Bodies,Drowning Pool,Sinner,2026-03-01 05:32:00,201,False,2001
Ramon Ayala,Giovannie and the Hired Guns,Tejano Punk Boyz,2026-03-01 05:29:07,168,True,2022
Sober,TOOL,Undertow,2026-03-01 05:24:01,306,True,1993
One (Remastered),Metallica,...And Justice for All (Remastered Deluxe Box Set),2026-03-01 05:03:01,446,False,1990
Smooth Criminal,Alien Ant Farm,Anthology,2026-03-01 04:59:17,209,False,2009
Sweet Dreams (Are Made Of This),Marilyn Manson,Smells Like Children,2026-03-01 04:48:51,293,False,1994
Your Favorite Toy,Foo Fighters,Your Favorite Toy,2026-03-01 04:45:47,176,False,2026
Wrong Way,Sublime,Sublime,2026-03-01 04:35:22,136,True,1996
Searchlight,Shinedown,Searchlight,2026-03-01 04:31:47,214,False,2025
What I've Done,Linkin Park,Minutes to Midnight,2026-03-01 04:28:19,205,False,2007
Bad Guy,Falling in Reverse,Popular Monster,2026-03-01 04:25:39,157,True,2018
Rooster (2022 Remaster),Alice in Chains,Dirt,2026-03-01 04:19:30,374,False,1993
Epic,Faith No More,The Real Thing,2026-03-01 04:12:07,293,False,1989
Hey You,Disturbed,Divisive,2026-03-01 04:07:36,268,True,2022
One Last Breath,Creed,Weathered,2026-03-01 03:59:24,238,False,2001
Closing Time,Semisonic,Feeling Strangely Fine,2026-03-01 03:55:32,273,False,1998
Rape Me,Nirvana,In Utero,2026-03-01 03:52:41,169,False,1993
Rx (Medicate),Theory of a Deadman,Wake Up Call,2026-03-01 03:48:50,233,True,2017
LOOK OUT FOR ME,Turnstile,LOOK OUT FOR ME,2026-03-01 03:45:28,403,False,2025
Yellow Ledbetter,Pearl Jam,Lost Dogs,2026-03-01 03:32:45,304,False,1992
End of You,Poppy,End of You,2026-03-01 03:29:23,192,False,2025
Heathens,Twenty One Pilots,Suicide Squad: The Album,2026-03-01 03:26:07,195,False,2016
Hurt (Quiet),Nine Inch Nails,Further Down The Spiral,2026-03-01 03:17:53,308,True,1995
Welcome To The Jungle,Guns N' Roses,Appetite For Destruction,2026-03-01 03:09:22,271,False,2017
Just Pretend,Bad Omens,THE DEATH OF PEACE OF MIND,2026-03-01 03:06:18,204,False,2022
Santeria,Sublime,Sublime,2026-03-01 03:03:10,183,False,1996
Through Glass,Stone Sour,Come What(ever) May,2026-03-01 02:53:54,282,False,2006
THE BOTTOM,Daughtry,THE BOTTOM,2026-03-01 02:42:58,232,False,
Runaway,Linkin Park,Hybrid Theory,2026-03-01 02:39:50,183,False,2000
Interstate Love Song,Stone Temple Pilots,Purple,2026-03-01 02:32:49,193,False,2014
For I Am Death,The Pretty Reckless,For I Am Death,2026-03-01 02:29:02,219,False,2025
Snow (Hey Oh),Red Hot Chili Peppers,The Studio Album Collection 1991 - 2011,2026-03-01 02:25:00,334,False,2006
Even If It Kills Me,Papa Roach,Even If It Kills Me,2026-03-01 02:21:28,212,False,2025
Cumbersome,Seven Mary Three,American Standard,2026-03-01 02:17:29,236,False,1995
Highway to Hell,AC/DC,Highway to Hell,2026-03-01 02:11:42,206,False,1991
Living Dead Girl,Rob Zombie,Hellbilly Deluxe,2026-03-01 01:55:25,201,False,1998
Second Chance,Shinedown,The Sound of Madness,2026-03-01 01:48:31,220,False,2009
Pale Horse,Chevelle,Bright as Blasphemy,2026-03-01 01:43:59,277,False,2025
Bullet With Butterfly Wings,Smashing Pumpkins,Mellon Collie And The Infinite Sadness,2026-03-01 01:39:38,256,False,1996
Ensenada,Sublime,Ensenada,2026-03-01 01:29:56,155,True,2025
Savior,Rise Against,Appeal To Reason,2026-03-01 01:25:54,242,False,2008
Ramon Ayala,Giovannie and the Hired Guns,Tejano Punk Boyz,2026-03-01 01:23:02,168,True,2022
Lithium,Nirvana,Nevermind,2026-03-01 01:18:44,255,False,1998
She Talks To Angels,The Black Crowes,Shake Your Money Maker,2026-03-01 01:10:30,330,False,1990
Heavy Is the Crown,Linkin Park,From Zero,2026-03-01 01:07:42,167,False,2024
Brain Stew,Green Day,Insomniac,2026-03-01 01:04:28,193,True,2021
Nothin',Guns N' Roses,Nothin',2026-03-01 00:59:53,263,False,2025
Footsteps,Pop Evil,UP,2026-03-01 00:55:59,263,False,2015
My Hero,Foo Fighters,The Colour And The Shape,2026-03-01 00:46:44,260,False,2001
Everything Ends,Architects,"The Sky, The Earth & All Between",2026-03-01 00:43:03,220,False,2025
Going Under,Evanescence,Fallen,2026-03-01 00:39:27,214,False,2004
Walk,Pantera,Vulgar Display of Power,2026-03-01 00:30:40,315,True,1992
Jeremy,Pearl Jam,Ten,2026-03-01 00:12:57,318,True,2020
Fine Again,Seether,Disclaimer,2026-02-28 21:57:17,244,False,2002
Your Favorite Toy,Foo Fighters,Your Favorite Toy,2026-02-28 21:54:19,176,False,2026
Heart-Shaped Box,Nirvana,In Utero,2026-02-28 21:40:11,279,False,1994
Voices In My Head,Falling in Reverse,Popular Monster,2026-02-28 21:29:27,191,True,2017
Enter Sandman,Metallica,Metallica,2026-02-28 21:23:58,331,False,1991
My Way,Limp Bizkit,Greatest Hitz,2026-02-28 21:19:19,273,True,2005
Creep,Radiohead,Pablo Honey,2026-02-28 21:01:51,238,True,1992
Chop Suey!,System of a Down,Toxicity,2026-02-28 20:54:21,210,False,2001
Black,Pearl Jam,Ten,2026-02-28 20:42:26,342,False,1991
Over the Mountain,Ozzy Osbourne,Diary Of A Madman,2026-02-28 20:34:07,271,False,1990
Kill The Noise,Papa Roach,Ego Trip,2026-02-28 20:31:03,188,True,2021
Fly Away,Lenny Kravitz,5,2026-02-28 20:27:26,222,False,1999
Simple Man,Shinedown,Leave a Whisper,2026-02-28 20:22:08,265,False,2004
Plush,Stone Temple Pilots,Core,2026-02-28 20:10:00,313,False,1992
Jump Around,House of Pain,House of Pain (Fine Malt Lyrics),2026-02-28 19:58:18,214,False,1998
So Called Life,Three Days Grace,EXPLOSIONS,2026-02-28 19:54:52,206,True,2021
Nothing Else Matters,Metallica,Metallica,2026-02-28 19:48:30,388,False,2004
Boulevard of Broken Dreams,Green Day,American Idiot,2026-02-28 19:38:01,260,True,2004
Free Bird,Lynyrd Skynyrd,Pronounced 'Leh-'Nérd 'Skin-'Nérd,2026-02-28 19:28:54,548,False,1973
Bad Guy,Falling in Reverse,Popular Monster,2026-02-28 19:26:10,157,True,2018
Pardon Me,Incubus,Make Yourself,2026-02-28 19:22:47,224,False,1999
Something In The Way,Nirvana,Nevermind,2026-02-28 19:16:06,231,False,1994
I Stay Away,Alice in Chains,Nothing Safe - The Best Of The Box,2026-02-28 19:00:29,254,False,1994
Dragula,Rob Zombie,Hellbilly Deluxe,2026-02-28 18:56:25,222,False,2002
Ramon Ayala,Giovannie and the Hired Guns,Tejano Punk Boyz,2026-02-28 18:53:39,168,True,2022
Better Man,Pearl Jam,Vitalogy,2026-02-28 18:49:10,269,False,2001
Cult of Personality (2023 Remaster),Living Colour,Vivid,2026-02-28 18:34:53,294,False,1988
Just Pretend,Bad Omens,THE DEATH OF PEACE OF MIND,2026-02-28 18:31:49,204,False,2022
What It's Like,Everlast,Whitey Ford Sings The Blues,2026-02-28 18:26:50,304,False,1999
She Hates Me,Puddle of Mudd,Come Clean,2026-02-28 18:20:34,216,True,2005
Dead Don’t Die,Shinedown,Planet Zero,2026-02-28 18:11:15,194,False,2022
Mary Jane's Last Dance,Tom Petty,Greatest Hits,2026-02-28 18:06:43,273,False,1996
Soul to Squeeze,Red Hot Chili Peppers,Greatest Hits,2026-02-28 18:01:53,289,False,2001
Far Behind,Candlebox,Candlebox,2026-02-28 17:56:40,299,False,1993
Everything Ends,Architects,"The Sky, The Earth & All Between",2026-02-28 17:53:00,220,False,2025
December,Collective Soul,Collective Soul,2026-02-28 17:48:22,285,False,1995
Paradise City,Guns N' Roses,Appetite For Destruction,2026-02-28 17:33:26,406,False,2022
Hey You,Disturbed,Divisive,2026-02-28 17:28:55,268,True,2022
Bring Me To Life,Evanescence,Fallen,2026-02-28 17:20:18,235,False,2003
Even If It Kills Me,Papa Roach,Even If It Kills Me,2026-02-28 17:06:17,212,False,2025
I Found Love (When I Found You),Kenny Wayne Shepherd,Trouble Is...,2026-02-28 17:02:15,241,False,1997
Duality,Slipknot,Antennas to Hell,2026-02-28 16:58:39,252,False,2004
Dead & Bloated,Stone Temple Pilots,Core,2026-02-28 16:50:11,310,False,2009
Iron Man,Black Sabbath,Paranoid,2026-02-28 16:38:35,355,False,2009
Heavy Is the Crown,Linkin Park,From Zero,2026-02-28 16:35:42,167,False,2024
Turn The Page,Metallica,"Garage, Inc.",2026-02-28 16:29:39,366,False,1999
Straight Out Of Line,Godsmack,Faceless,2026-02-28 16:25:46,259,False,2003
Californication,Red Hot Chili Peppers,Californication,2026-02-28 16:20:31,329,False,1999
ZOMBIFIED,Falling in Reverse,Popular Monster,2026-02-28 16:10:15,218,True,2022
Over the Hills and Far Away,Led Zeppelin,Houses of the Holy,2026-02-28 16:05:29,290,False,1989
The Man Who Sold The World,Nirvana,MTV Unplugged In New York,2026-02-28 16:01:51,260,False,2000
B.Y.O.B.,System of a Down,Mezmerize,2026-02-28 15:57:19,257,True,2005
Searchlight,Shinedown,Searchlight,2026-02-28 15:53:41,214,False,2025
When I Come Around,Green Day,Dookie,2026-02-28 15:50:47,178,False,1994
Riot,Three Days Grace,One-X,2026-02-28 15:42:00,207,True,2006
Comfortably Numb,Pink Floyd,The Wall,2026-02-28 15:35:41,382,False,2005
Liar,Jelly Roll,Beautifully Broken,2026-02-28 15:32:22,205,False,2024
Hunger Strike,Temple of the Dog,Temple Of The Dog,2026-02-28 15:28:28,243,False,2008
War Is the Answer,Five Finger Death Punch,War Is the Answer,2026-02-28 15:24:04,198,True,2009
If You Could Only See,Tonic,Lemon Parade,2026-02-28 15:20:01,261,False,1996
Cumbersome,Seven Mary Three,American Standard,2026-02-28 15:05:14,236,False,1995
Fake It,Seether,Finding Beauty In Negative Spaces,2026-02-28 15:01:56,194,False,2007
BURN IT DOWN,Linkin Park,BURN IT DOWN,2026-02-28 14:57:51,231,False,2012
Ramon Ayala,Giovannie and the Hired Guns,Tejano Punk Boyz,2026-02-28 14:55:02,168,True,2022
Freak On a Leash,Korn,Follow The Leader,2026-02-28 14:51:21,255,True,1999
Civil War,Guns N' Roses,Use Your Illusion II,2026-02-28 14:34:01,456,False,2011
Bad Guy,Falling in Reverse,Popular Monster,2026-02-28 14:31:21,157,True,2018
Like a Stone,Audioslave,Audioslave,2026-02-28 14:26:33,294,False,2002
So Far Away,Staind,14 Shades of Grey,2026-02-28 14:22:32,244,False,2003
Dead Don’t Die,Shinedown,Planet Zero,2026-02-28 14:09:22,194,False,2022
Pour Some Sugar On Me,Def Leppard,Hysteria,2026-02-28 14:04:53,265,False,1987
Drive,Incubus,Make Yourself,2026-02-28 14:01:03,232,False,1999
Meant to Live,Switchfoot,The Beautiful Letdown (Deluxe Version),2026-02-28 13:57:35,205,False,2004
End of You,Poppy,End of You,2026-02-28 13:54:17,192,False,2025
Hemorrhage (In My Hands),Fuel,Something Like Human,2026-02-28 13:50:26,236,False,2000
Sail,AWOLNATION,RE/Sail,2026-02-28 13:40:24,274,False,2010
Crazy Train,Ozzy Osbourne,Blizzard Of Ozz,2026-02-28 13:35:34,290,False,2006
So Called Life,Three Days Grace,EXPLOSIONS,2026-02-28 13:32:11,206,True,2021
Breaking the Habit,Linkin Park,Meteora,2026-02-28 13:23:28,196,False,2008
Shine,Collective Soul,"Hints, Allegations & Things Left Unsaid",2026-02-28 13:18:24,306,False,1993
Just Pretend,Bad Omens,THE DEATH OF PEACE OF MIND,2026-02-28 13:10:46,204,False,2022
Comedown,Bush,Sixteen Stone,2026-02-28 13:05:23,326,False,2005
Photograph,Nickelback,All the Right Reasons,2026-02-28 13:01:18,258,False,2005
Rollin' (Air Raid Vehicle),Limp Bizkit,Chocolate Starfish And The Hot Dog Flavored Water,2026-02-28 12:57:30,214,False,2024
Rape Me,Nirvana,In Utero,2026-02-28 12:51:43,169,False,1993
With Arms Wide Open,Creed,Human Clay,2026-02-28 12:40:41,278,False,2000
Epic,Faith No More,The Real Thing,2026-02-28 12:36:38,293,False,1989
Even If It Kills Me,Papa Roach,Even If It Kills Me,2026-02-28 12:33:04,212,False,2025
Blurry,Puddle of Mudd,Come Clean,2026-02-28 12:25:49,303,False,2002
Good Riddance (Time of Your Life),Green Day,Nimrod,2026-02-28 12:23:25,153,True,1998
Hey You,Disturbed,Divisive,2026-02-28 12:10:10,268,True,2022
We Will Rock You,Queen,News of the World,2026-02-28 12:05:09,123,False,1979
Lightning Crashes,Live,Throwing Copper,2026-02-28 11:59:50,325,False,1994
For I Am Death,The Pretty Reckless,For I Am Death,2026-02-28 11:51:38,219,False,2025
Last Kiss,Pearl Jam,Lost Dogs,2026-02-28 11:48:27,195,False,2017
Going Under,Evanescence,Fallen,2026-02-28 11:38:28,214,False,2006
Voices In My Head,Falling in Reverse,Popular Monster,2026-02-28 11:31:43,191,True,2017
Save Me,Shinedown,Us and Them,2026-02-28 11:24:12,213,False,2005
Fine Again,Seether,Disclaimer,2026-02-28 11:20:12,244,False,2002
Heavy Is the Crown,Linkin Park,From Zero,2026-02-28 11:10:09,167,False,2024
Hurt,Johnny Cash,American IV: The Man Comes Around,2026-02-28 10:59:53,216,False,2002
In Bloom,Nirvana,Nevermind,2026-02-28 10:39:47,254,False,1991
No More Tears,Ozzy Osbourne,No More Tears (Expanded Edition),2026-02-28 10:33:56,443,False,1991
Never Too Late,Three Days Grace,One-X,2026-02-28 10:17:18,209,False,2006
Ramon Ayala,Giovannie and the Hired Guns,Tejano Punk Boyz,2026-02-28 10:09:02,168,True,2022
Free Fallin',Tom Petty,Full Moon Fever,2026-02-28 10:04:44,254,False,1989
Yellow Ledbetter,Pearl Jam,Lost Dogs,2026-02-28 09:59:45,304,False,1992
Fade,Staind,Break the Cycle,2026-02-28 09:45:00,242,False,2001
Water Song/Janie's Got A Gun,Aerosmith,Pump,2026-02-28 09:39:40,333,False,2009
Plush,Stone Temple Pilots,Core,2026-02-28 09:34:31,313,False,1992
Behind Blue Eyes,Limp Bizkit,Behind Blue Eyes,2026-02-28 09:29:58,270,False,2003
Voodoo / Hidden Track,Godsmack,Godsmack,2026-02-28 09:21:50,543,False,
Bad Guy,Falling in Reverse,Popular Monster,2026-02-28 09:12:31,157,True,2018
Wish You Were Here,Incubus,Morning View,2026-02-28 09:05:49,211,False,2004
Smooth Criminal,Alien Ant Farm,Anthology,2026-02-28 09:02:17,209,False,2009
Dragula,Rob Zombie,Hellbilly Deluxe,2026-02-28 08:58:17,222,False,2002
Through Glass,Stone Sour,Come What(ever) May,2026-02-28 08:42:43,282,False,2006
Rooster (2022 Remaster),Alice in Chains,Dirt,2026-02-28 08:32:34,374,False,1993
Lying from You,Linkin Park,Meteora,2026-02-28 08:29:36,175,False,2007
"Touch, Peel And Stand",Days of the New,Days Of The New,2026-02-28 08:21:46,297,False,1997
Dead Don’t Die,Shinedown,Planet Zero,2026-02-28 08:11:39,194,False,2022
Mr. Crowley,Ozzy Osbourne,Blizzard Of Ozz,2026-02-28 08:06:44,296,False,1980
Brain Stew,Green Day,Insomniac,2026-02-28 07:59:40,193,True,2021
The Kill (Bury Me),Thirty Seconds to Mars,A Beautiful Lie,2026-02-28 07:28:01,231,False,2006
Sweet Dreams (Are Made Of This),Marilyn Manson,Smells Like Children,2026-02-28 07:19:50,293,False,1994
Even If It Kills Me,Papa Roach,Even If It Kills Me,2026-02-28 07:10:26,212,False,2025
Rockstar,Nickelback,All the Right Reasons,2026-02-28 07:00:07,255,False,2005
Youth of the Nation,P.O.D.,Satellite,2026-02-28 06:45:37,256,False,2001
Glycerine,Bush,Sixteen Stone,2026-02-28 06:37:07,266,False,1994
Control,Puddle of Mudd,Come Clean,2026-02-28 06:33:21,230,True,2001
So Called Life,Three Days Grace,EXPLOSIONS,2026-02-28 06:14:15,206,True,2021
Welcome To The Jungle,Guns N' Roses,Appetite For Destruction,2026-02-28 06:09:46,271,False,1991
Falling Away from Me,Korn,Issues,2026-02-28 06:01:35,271,True,1999
Highway to Hell,AC/DC,Highway to Hell,2026-02-28 05:57:49,206,False,1991
Even Flow,Pearl Jam,Ten,2026-02-28 05:52:54,294,True,1996
Dying To Love,Bad Omens,Dying To Love,2026-02-28 05:48:58,256,False,2025
You're Going Down,Sick Puppies,Tri-polar,2026-02-28 05:45:52,187,True,2009
Interstate Love Song,Stone Temple Pilots,Purple,2026-02-28 05:37:30,193,False,2014
Searchlight,Shinedown,Searchlight,2026-02-28 05:33:55,214,False,2025
Believer,Imagine Dragons,Evolve,2026-02-28 05:30:30,202,False,2017
Kryptonite,3 Doors Down,The Better Life,2026-02-28 05:22:57,234,False,2000
Stairway To Heaven,Led Zeppelin,Led Zeppelin IV (Remastered),2026-02-28 05:08:50,482,False,1982
Heart-Shaped Box,Nirvana,In Utero,2026-02-28 05:01:10,279,False,1994
Centuries,Fall Out Boy,American Beauty/American Psycho,2026-02-28 04:57:07,231,False,2014
Otherside,Red Hot Chili Peppers,Californication,2026-02-28 04:48:23,255,False,1999
I Stand Alone,Godsmack,Faceless,2026-02-28 04:44:27,245,False,2002
Your Favorite Toy,Foo Fighters,Your Favorite Toy,2026-02-28 04:41:23,176,False,2026
Break Stuff,Limp Bizkit,Significant Other,2026-02-28 04:38:34,167,False,2000
End of You,Poppy,End of You,2026-02-28 04:27:34,192,False,2025
Boulevard of Broken Dreams,Green Day,American Idiot,2026-02-28 04:23:10,260,True,2004
The Kids Aren't Alright,The Offspring,Americana,2026-02-28 04:17:02,180,False,1999
Sweet Child O' Mine,Guns N' Roses,Appetite For Destruction,2026-02-28 04:08:18,355,False,2017
Bad Guy,Falling in Reverse,Popular Monster,2026-02-28 04:05:38,157,True,2018
The World I Know,Collective Soul,Collective Soul,2026-02-28 04:01:51,257,False,1995
Master Of Puppets (Remastered),Metallica,Master of Puppets (Remastered),2026-02-28 03:53:06,515,False,1986
Pale Horse,Chevelle,Bright as Blasphemy,2026-02-28 03:48:31,277,False,2025
New Divide,Linkin Park,Papercuts,2026-02-28 03:44:01,269,False,2009
One,Creed,My Own Prison,2026-02-28 03:35:17,302,False,1999
For I Am Death,The Pretty Reckless,For I Am Death,2026-02-28 03:31:32,219,False,2025
Just Pretend,Bad Omens,THE DEATH OF PEACE OF MIND,2026-02-28 03:23:59,204,False,2022
If You Could Only See,Tonic,Lemon Parade,2026-02-28 03:19:53,261,False,1996
Ramon Ayala,Giovannie and the Hired Guns,Tejano Punk Boyz,2026-02-28 03:06:37,168,True,2022
Come As You Are,Nirvana,Nevermind,2026-02-28 03:02:59,218,False,1991
Keep Away,Godsmack,Godsmack,2026-02-28 02:58:38,290,False,1997
Soul to Squeeze,Red Hot Chili Peppers,Greatest Hits,2026-02-28 02:53:48,289,False,1995
Click Click Boom,Saliva,Back Into Your System,2026-02-28 02:49:32,254,False,2001
Nothin',Guns N' Roses,Nothin',2026-02-28 02:45:11,263,False,2025
Spoonman,Soundgarden,Telephantasm,2026-02-28 02:35:14,246,False,1994
Ensenada,Sublime,Ensenada,2026-02-28 02:32:34,155,True,2025
Monsters (feat. blackbear),All Time Low,"Wake Up, Sunshine",2026-02-28 02:29:33,174,True,2020
Dead Don’t Die,Shinedown,Planet Zero,2026-02-28 02:26:14,194,False,2022
Turn The Page,Metallica,"Garage, Inc.",2026-02-28 02:20:07,366,False,1999
I Don't Know,Ozzy Osbourne,Blizzard Of Ozz,2026-02-28 02:10:46,314,False,1980
Even If It Kills Me,Papa Roach,Even If It Kills Me,2026-02-28 02:07:13,212,False,2024
Feel Good Inc.,Gorillaz,Demon Days,2026-02-28 01:59:06,222,False,2005
Cult of Personality (2023 Remaster),Living Colour,Vivid,2026-02-28 01:54:19,294,False,1988
Sober,TOOL,Undertow,2026-02-28 01:49:13,306,True,1993
LOOK OUT FOR ME,Turnstile,LOOK OUT FOR ME,2026-02-28 01:45:54,403,False,2025
Headstrong,Trapt,Trapt,2026-02-28 01:42:00,286,False,2002
Semi-Charmed Life,Third Eye Blind,Third Eye Blind,2026-02-28 01:36:38,268,False,1997
Everything Ends,Architects,"The Sky, The Earth & All Between",2026-02-28 01:32:57,220,False,2025
Faint,Linkin Park,Meteora,2026-02-28 01:30:03,162,False,2007
Better Man,Pearl Jam,Vitalogy,2026-02-28 01:21:59,269,False,2001
Paradise City,Guns N' Roses,Appetite For Destruction,2026-02-28 01:11:14,406,False,2022
Hey You,Disturbed,Divisive,2026-02-28 01:06:40,268,True,2022
Shine,Collective Soul,"Hints, Allegations & Things Left Unsaid",2026-02-28 01:01:32,306,False,1993
Comedown,Bush,Sixteen Stone,2026-02-28 00:55:50,326,False,1994
THE BOTTOM,Daughtry,THE BOTTOM,2026-02-28 00:48:21,232,False,
In Bloom,Nirvana,Nevermind,2026-02-28 00:36:46,254,False,1991
Searchlight,Shinedown,Searchlight,2026-02-28 00:33:11,214,False,2025
Hail to the King,Avenged Sevenfold,Hail to the King,2026-02-28 00:28:07,305,False,2013
Liar,Jelly Roll,Beautifully Broken,2026-02-28 00:24:47,205,False,2024
What It's Like,Everlast,Whitey Ford Sings The Blues,2026-02-28 00:19:45,304,False,1998
"Mama, I'm Coming Home",Ozzy Osbourne,No More Tears (Expanded Edition),2026-02-28 00:11:00,251,False,1991
Bad Guy,Falling in Reverse,Popular Monster,2026-02-28 00:08:17,157,True,2018
Scar Tissue,Red Hot Chili Peppers,Californication,2026-02-28 00:04:38,215,False,1999
More Human Than Human,White Zombie,"Astro Creep: 2000 Songs Of Love, Destruction And Other Synthetic Delusions Of The Electric Head",2026-02-28 00:00:01,272,False,1995
Blurry,Puddle of Mudd,Come Clean,2026-02-27 23:55:45,303,False,2002
Numb / Encore,JAŸ-Z,Collision Course,2026-02-27 23:49:25,205,True,2004
Fade To Black (Remastered),Metallica,Ride The Lightning (Deluxe Remaster),2026-02-27 23:36:32,417,False,2016
End of You,Poppy,End of You,2026-02-27 23:33:21,192,False,2025
Wanted Dead Or Alive,Bon Jovi,Slippery When Wet,2026-02-27 23:29:08,308,False,1986
Creep,Stone Temple Pilots,Core,2026-02-27 23:20:40,334,False,1992
Crazy Bitch,Buckcherry,15,2026-02-27 23:17:19,202,True,2006
Santeria,Sublime,Sublime,2026-02-27 23:06:41,183,False,1996
Just Pretend,Bad Omens,THE DEATH OF PEACE OF MIND,2026-02-27 23:03:34,204,False,2022
Gone Away,The Offspring,Ixnay On The Hombre,2026-02-27 22:59:07,269,False,1997
Stressed Out,Twenty One Pilots,Blurryface,2026-02-27 22:50:18,202,False,2015
So Called Life,Three Days Grace,EXPLOSIONS,2026-02-27 22:41:28,206,True,2021
Bohemian Rhapsody,Queen,A Night At The Opera,2026-02-27 22:35:28,358,False,1975
Like a Stone,Audioslave,Audioslave,2026-02-27 22:30:35,294,False,2002
Even If It Kills Me,Papa Roach,Even If It Kills Me,2026-02-27 22:27:06,212,False,2024
My Own Prison,Creed,My Own Prison,2026-02-27 22:22:43,295,False,1999
Meant to Live,Switchfoot,The Beautiful Letdown (Deluxe Version),2026-02-27 22:19:39,205,False,2004
Sabbra Cadabra,Metallica,"Garage, Inc.",2026-02-27 22:07:04,380,False,1999
Dyers Eve (Remastered),Metallica,...And Justice for All (Remastered),2026-02-27 22:01:45,313,True,1993
Would? (2022 Remaster),Alice in Chains,Dirt,2026-02-27 21:58:09,208,False,1993
Walk,Pantera,Vulgar Display of Power,2026-02-27 21:35:39,315,True,1992
Ensenada,Sublime,Ensenada,2026-02-27 21:33:10,155,True,2025
Epic,Faith No More,The Real Thing,2026-02-27 21:29:05,293,False,1989
ZOMBIFIED,Falling in Reverse,Popular Monster,2026-02-27 21:25:27,218,True,2022
Dead & Bloated,Stone Temple Pilots,Core,2026-02-27 21:20:19,310,False,2009
Savior,Rise Against,Appeal To Reason,2026-02-27 21:16:17,242,False,2008
Freak On a Leash,Korn,Follow The Leader,2026-02-27 21:06:31,255,True,1999
Heavy Is the Crown,Linkin Park,From Zero,2026-02-27 21:03:42,167,False,2024
Around the World,Red Hot Chili Peppers,Californication,2026-02-27 20:59:45,238,True,2011
Dying To Love,Bad Omens,Dying To Love,2026-02-27 20:55:36,256,False,2025
45,Shinedown,Leave a Whisper,2026-02-27 20:51:31,249,False,2003
The Man Who Sold The World,Nirvana,MTV Unplugged In New York,2026-02-27 20:41:36,260,False,2000
Everything Ends,Architects,"The Sky, The Earth & All Between",2026-02-27 20:38:06,220,False,2025
Sweet Emotion,Aerosmith,Toys In The Attic,2026-02-27 20:33:28,274,False,1979
Hey You,Disturbed,Divisive,2026-02-27 20:28:59,268,True,2022
Photograph,Nickelback,All the Right Reasons,2026-02-27 20:20:02,258,False,2005
Man in the Box,Alice in Chains,Facelift,2026-02-27 20:07:41,286,True,1993
My Own Worst Enemy,Lit,A Place In The Sun,2026-02-27 20:01:12,178,True,1999
Fade,Staind,Break the Cycle,2026-02-27 19:56:54,242,False,2001
Ramon Ayala,Giovannie and the Hired Guns,Tejano Punk Boyz,2026-02-27 19:54:08,168,True,2022
Even Flow,Pearl Jam,Ten,2026-02-27 19:49:18,294,True,2006
Fat Lip,Sum 41,"All Killer, No Filler",2026-02-27 19:39:26,182,True,2001
Mother,Danzig,Danzig,2026-02-27 19:36:00,206,True,1991
December,Collective Soul,Collective Soul,2026-02-27 19:31:16,285,False,1995
Bad Guy,Falling in Reverse,Popular Monster,2026-02-27 19:28:40,157,True,2018
When I'm Gone,3 Doors Down,Away From The Sun,2026-02-27 19:24:27,260,False,2003
Searchlight,Shinedown,Searchlight,2026-02-27 19:09:19,214,False,2025
Voodoo / Hidden Track,Godsmack,Godsmack,2026-02-27 19:00:37,543,False,
Wherever I May Roam,Metallica,Metallica,2026-02-27 18:49:44,404,False,1990
Footsteps,Pop Evil,UP,2026-02-27 18:45:50,263,False,2015
No More Tears,Ozzy Osbourne,No More Tears (Expanded Edition),2026-02-27 18:33:27,443,False,1991
What I Got,Sublime,Sublime,2026-02-27 18:30:23,181,True,1996
Lithium,Nirvana,Nevermind,2026-02-27 18:14:33,255,False,1994
Just Pretend,Bad Omens,THE DEATH OF PEACE OF MIND,2026-02-27 18:11:29,204,False,2022
Good Riddance (Time of Your Life),Green Day,Nimrod,2026-02-27 18:08:57,153,True,1997
So Far Away,Staind,14 Shades of Grey,2026-02-27 18:04:55,244,False,2003
Daughter,Pearl Jam,Vs.,2026-02-27 18:01:20,234,False,2000
I Am the Highway,Audioslave,Audioslave,2026-02-27 17:43:58,335,False,2003
I Will Not Bow,Breaking Benjamin,Dear Agony,2026-02-27 17:40:13,216,False,2009
The Middle,Jimmy Eat World,Bleed American,2026-02-27 17:37:23,166,False,2001
Somewhere I Belong,Linkin Park,Meteora,2026-02-27 17:33:47,213,False,2003
Sweet Dreams (Are Made Of This),Marilyn Manson,Smells Like Children,2026-02-27 17:29:18,293,False,1994
Sweet Home Alabama,Lynyrd Skynyrd,Second Helping,2026-02-27 17:16:26,284,False,1996
Radioactive,Imagine Dragons,Night Visions,2026-02-27 17:13:43,187,False,2012
Wish You Were Here,Incubus,Morning View,2026-02-27 17:10:06,211,False,2004
Even If It Kills Me,Papa Roach,Even If It Kills Me,2026-02-27 17:06:36,212,False,2024
Glycerine,Bush,Sixteen Stone,2026-02-27 17:02:19,266,False,1994
"Sugar, We're Goin Down",Fall Out Boy,From Under The Cork Tree,2026-02-27 16:58:30,232,False,2005
Down with the Sickness,Disturbed,The Sickness,2026-02-27 16:54:24,277,False,1998
The Unforgiven,Metallica,Metallica,2026-02-27 16:47:59,387,False,1990
Voices In My Head,Falling in Reverse,Popular Monster,2026-02-27 16:44:49,191,True,2017
Hard To Handle,The Black Crowes,Shake Your Money Maker,2026-02-27 16:41:34,188,False,1990
With Arms Wide Open,Creed,Human Clay,2026-02-27 16:37:16,278,False,2000
Fine Again,Seether,Disclaimer,2026-02-27 16:33:18,244,False,2002
Ensenada,Sublime,Ensenada,2026-02-27 16:30:45,155,True,2025
Jeremy,Pearl Jam,Ten,2026-02-27 16:25:31,318,True,2020
Heavy Is the Crown,Linkin Park,From Zero,2026-02-27 16:10:43,167,False,2024
Civil War,Guns N' Roses,Use Your Illusion II,2026-02-27 16:03:07,456,False,1991
She Hates Me,Puddle of Mudd,Come Clean,2026-02-27 15:59:35,216,True,2005
Wicked Garden,Stone Temple Pilots,Core,2026-02-27 15:52:20,259,False,1994
All Apologies,Nirvana,In Utero,2026-02-27 15:38:44,230,False,1993
Soul to Squeeze,Red Hot Chili Peppers,Greatest Hits,2026-02-27 15:25:46,289,False,2001
Smooth Criminal,Alien Ant Farm,Anthology,2026-02-27 15:22:14,209,False,2009
"Touch, Peel And Stand",Days of the New,Days Of The New,2026-02-27 15:08:56,297,False,1997
Kill The Noise,Papa Roach,Ego Trip,2026-02-27 15:05:49,188,True,2021
I Stay Away,Alice in Chains,Nothing Safe - The Best Of The Box,2026-02-27 15:01:43,254,False,1994
Creep,Radiohead,Pablo Honey,2026-02-27 14:57:35,238,True,1992
Hey You,Disturbed,Divisive,2026-02-27 14:53:01,268,True,2022
The Kids Aren't Alright,The Offspring,Americana,2026-02-27 14:49:59,180,False,2000
MONSTERS,Shinedown,ATTENTION ATTENTION,2026-02-27 14:39:25,248,False,2018
Every Rose Has Its Thorn,Poison,Open Up And Say . . . Ahh!,2026-02-27 14:35:07,258,False,2000
Bad Guy,Falling in Reverse,Popular Monster,2026-02-27 14:32:28,157,True,2018
Lost,Linkin Park,Meteora 20th Anniversary Edition,2026-02-27 14:23:27,199,False,2023
For Whom The Bell Tolls (Remastered),Metallica,Ride The Lightning (Remastered),2026-02-27 14:18:23,309,False,1996
"Another Brick in the Wall, Pt. 2",Pink Floyd,The Wall,2026-02-27 14:03:26,238,False,2003
Heart-Shaped Box,Nirvana,In Utero,2026-02-27 13:58:49,279,False,1994
Just Pretend,Bad Omens,THE DEATH OF PEACE OF MIND,2026-02-27 13:55:30,204,False,2022
Californication,Red Hot Chili Peppers,Californication,2026-02-27 13:50:11,329,False,1999
Boulevard of Broken Dreams,Green Day,American Idiot,2026-02-27 13:39:10,260,True,2004
Angels Fall,Breaking Benjamin,Dark Before Dawn,2026-02-27 13:24:23,229,False,2015
Bullet With Butterfly Wings,Smashing Pumpkins,Mellon Collie And The Infinite Sadness,2026-02-27 13:20:07,256,False,1996
Even If It Kills Me,Papa Roach,Even If It Kills Me,2026-02-27 13:09:29,212,False,2024
Outside,Aaron Lewis,The Family Values Tour 1999,2026-02-27 13:05:51,344,True,2000
Enter Sandman,Metallica,Metallica,2026-02-27 13:00:18,331,False,1991
Stricken,Disturbed,Ten Thousand Fists,2026-02-27 12:55:58,245,False,2005
Dead Don’t Die,Shinedown,Planet Zero,2026-02-27 12:52:38,194,False,2022
Falling Away from Me,Korn,Issues,2026-02-27 12:48:11,271,True,1999
Over the Hills and Far Away,Led Zeppelin,Houses of the Holy,2026-02-27 12:34:09,290,False,1989
Heavy Is the Crown,Linkin Park,From Zero,2026-02-27 12:31:22,167,False,2024
Better Man,Pearl Jam,Vitalogy,2026-02-27 12:27:00,269,False,1994
Remedy,Seether,Karma and Effect,2026-02-27 12:23:33,207,False,2005
Kryptonite,3 Doors Down,The Better Life,2026-02-27 12:19:43,234,False,2000
Sweet Child O' Mine,Guns N' Roses,Appetite For Destruction,2026-02-27 12:03:40,355,False,1993
Break Stuff,Limp Bizkit,Significant Other,2026-02-27 12:00:56,167,False,2000
How You Remind Me,Nickelback,Silver Side Up,2026-02-27 11:46:59,223,False,2002
Pour Some Sugar On Me,Def Leppard,Hysteria,2026-02-27 11:42:31,265,False,1987
Rooster (2022 Remaster),Alice in Chains,Dirt,2026-02-27 11:33:17,374,False,1993
Under the Graveyard,Ozzy Osbourne,Ordinary Man,2026-02-27 11:28:16,299,False,2019
The World I Know,Collective Soul,Collective Soul,2026-02-27 11:24:29,257,False,1995
Bad Guy,Falling in Reverse,Popular Monster,2026-02-27 11:13:01,157,True,2018
I Found Love (When I Found You),Kenny Wayne Shepherd,Trouble Is...,2026-02-27 11:08:54,241,False,1997
Nothing Else Matters,Metallica,Metallica,2026-02-27 10:53:44,388,False,2004
Free Fallin',Tom Petty,Full Moon Fever,2026-02-27 10:46:18,254,False,1989
B.Y.O.B.,System of a Down,Mezmerize,2026-02-27 10:41:52,257,True,2015
Scar Tissue,Red Hot Chili Peppers,Californication,2026-02-27 10:38:07,215,False,2000
Schism,TOOL,Lateralus,2026-02-27 10:26:41,407,False,
Second Chance,Shinedown,The Sound of Madness,2026-02-27 10:23:00,220,False,2009
Comfortably Numb,Pink Floyd,The Wall,2026-02-27 10:16:38,382,False,2005
Going Under,Evanescence,Fallen,2026-02-27 10:12:57,214,False,2004
Even If It Kills Me,Papa Roach,Even If It Kills Me,2026-02-27 10:09:24,212,False,2024
Comedown,Bush,Sixteen Stone,2026-02-27 10:03:52,326,False,1997
Sail,AWOLNATION,RE/Sail,2026-02-27 09:59:51,274,False,2010
Paradise City,Guns N' Roses,Appetite For Destruction,2026-02-27 09:55:27,406,False,1991
Cold,Crossfade,Cheap Date,2026-02-27 09:47:08,198,False,2003
Sex & Candy,Marcy Playground,Marcy Playground,2026-02-27 09:38:34,172,False,1997
Heavy Is the Crown,Linkin Park,From Zero,2026-02-27 09:35:46,167,False,2024
Riot,Three Days Grace,One-X,2026-02-27 09:18:34,207,True,2006
Lose Yourself,Eminem,8 Mile,2026-02-27 08:52:19,321,False,2002
The Man Who Sold The World,Nirvana,MTV Unplugged In New York,2026-02-27 08:34:12,260,False,2000
Back In Black,AC/DC,Back In Black,2026-02-27 08:27:38,253,False,1980
Blurry,Puddle of Mudd,Come Clean,2026-02-27 08:06:34,303,False,2002
Bad Guy,Falling in Reverse,Popular Monster,2026-02-27 07:53:28,157,True,2018
"Paint It, Black",The Rolling Stones,Aftermath,2026-02-27 07:31:21,224,False,1966
Wish You Were Here,Incubus,Morning View,2026-02-27 07:11:38,211,False,2002
Coming Undone,Korn,See You On the Other Side,2026-02-27 07:02:07,199,False,2005
What It's Like,Everlast,Whitey Ford Sings The Blues,2026-02-27 06:56:51,304,False,1999
"You're Gonna Go Far, Kid",The Offspring,"Rise And Fall, Rage And Grace",2026-02-27 06:45:24,178,True,2008
Mary Jane's Last Dance,Tom Petty,Greatest Hits,2026-02-27 06:33:22,273,False,1996
Daughter,Pearl Jam,Vs.,2026-02-27 06:22:36,234,False,2003
Land of Confusion,Disturbed,Ten Thousand Fists,2026-02-27 06:15:53,287,False,2005
Good Riddance (Time of Your Life),Green Day,Nimrod,2026-02-27 06:13:05,153,True,2017
Crazy Train,Ozzy Osbourne,Blizzard Of Ozz,2026-02-27 06:08:15,290,False,2006
Rape Me,Nirvana,In Utero,2026-02-27 05:52:28,169,False,1993
Hurt,Johnny Cash,American IV: The Man Comes Around,2026-02-27 05:42:41,216,False,2002
Just Pretend,Bad Omens,THE DEATH OF PEACE OF MIND,2026-02-27 05:35:53,204,False,2022
She Talks To Angels,The Black Crowes,Shake Your Money Maker,2026-02-27 05:30:15,330,False,1990
Killing In the Name,Rage Against the Machine,Rage Against The Machine,2026-02-27 05:22:59,313,True,1993
Water Song/Janie's Got A Gun,Aerosmith,Pump,2026-02-27 05:11:18,333,False,2009
Through Glass,Stone Sour,Come What(ever) May,2026-02-27 05:02:51,282,False,2006
Free Bird,Lynyrd Skynyrd,Pronounced 'Leh-'Nérd 'Skin-'Nérd,2026-02-27 04:53:31,548,False,1973
Down In A Hole (2022 Remaster),Alice in Chains,Dirt,2026-02-27 04:47:58,338,False,1992
Nothin',Guns N' Roses,Nothin',2026-02-27 04:43:35,263,False,2025
Numb,Linkin Park,Meteora,2026-02-27 04:40:27,187,False,2010
Jump Around,House of Pain,House of Pain (Fine Malt Lyrics),2026-02-27 04:32:01,214,False,1998
Everything Ends,Architects,"The Sky, The Earth & All Between",2026-02-27 04:28:18,220,False,2025
Someday,Nickelback,The Long Road,2026-02-27 04:25:02,207,False,2003
Even If It Kills Me,Papa Roach,Even If It Kills Me,2026-02-27 04:21:29,212,False,2024
Under the Bridge,Red Hot Chili Peppers,Blood Sugar Sex Magik,2026-02-27 04:17:05,264,False,1991
Another One Bites The Dust,Queen,The Game,2026-02-27 04:08:20,217,False,1980
ZOMBIFIED,Falling in Reverse,Popular Monster,2026-02-27 04:04:38,218,True,2022
My Own Worst Enemy,Lit,A Place In The Sun,2026-02-27 04:01:46,178,True,1999
The Middle,Jimmy Eat World,Bleed American,2026-02-27 03:58:43,166,False,2001
Youth of the Nation,P.O.D.,Satellite,2026-02-27 03:54:38,256,False,2001
THE BOTTOM,Daughtry,THE BOTTOM,2026-02-27 03:50:45,232,False,
Gone Away,The Offspring,Ixnay On The Hombre,2026-02-27 03:46:22,269,False,1997
Searchlight,Shinedown,Searchlight,2026-02-27 03:34:02,214,False,2025
Nightmare,Avenged Sevenfold,Nightmare,2026-02-27 03:28:58,374,True,2010
No More Tears,Ozzy Osbourne,No More Tears (Expanded Edition),2026-02-27 03:10:36,443,False,1991
Heavy Is the Crown,Linkin Park,From Zero,2026-02-27 03:07:48,167,False,2024
You Shook Me All Night Long,AC/DC,Back In Black,2026-02-27 02:59:02,208,False,1980
Alive,Pearl Jam,Ten,2026-02-27 02:53:18,341,False,2000
The Kill (Bury Me),Thirty Seconds to Mars,A Beautiful Lie,2026-02-27 02:44:45,231,False,2006
Far Behind,Candlebox,Candlebox,2026-02-27 02:34:17,299,False,1993
End of You,Poppy,End of You,2026-02-27 02:30:59,192,False,2025
Behind Blue Eyes,Limp Bizkit,Behind Blue Eyes,2026-02-27 02:26:15,270,False,2003
What I Got,Sublime,Sublime,2026-02-27 02:19:40,181,True,1996
Voices In My Head,Falling in Reverse,Popular Monster,2026-02-27 02:07:43,191,True,2017
Voodoo / Hidden Track,Godsmack,Godsmack,2026-02-27 02:03:00,543,False,
Prayer,Disturbed,Believe,2026-02-27 01:55:19,218,False,2002
Your Favorite Toy,Foo Fighters,Your Favorite Toy,2026-02-27 01:52:20,176,False,2026
One (Remastered),Metallica,...And Justice for All (Remastered Deluxe Box Set),2026-02-27 01:44:54,446,False,1990
For I Am Death,The Pretty Reckless,For I Am Death,2026-02-27 01:32:24,219,False,2025
When I Come Around,Green Day,Dookie,2026-02-27 01:21:37,178,False,1994
Just Pretend,Bad Omens,THE DEATH OF PEACE OF MIND,2026-02-27 01:08:43,204,False,2022
Plush,Stone Temple Pilots,Core,2026-02-27 01:03:30,313,False,1992
Flying High Again,Ozzy Osbourne,Diary Of A Madman,2026-02-27 00:54:41,284,False,1990
Cumbersome,Seven Mary Three,American Standard,2026-02-27 00:50:43,236,False,1995
War Is the Answer,Five Finger Death Punch,War Is the Answer,2026-02-27 00:42:57,198,True,2009
One,Creed,My Own Prison,2026-02-27 00:33:06,302,False,1999
MONSTERS,Shinedown,ATTENTION ATTENTION,2026-02-27 00:26:16,248,False,2018
Rooster (2022 Remaster),Alice in Chains,Dirt,2026-02-27 00:16:34,374,False,1993
Sweet Emotion,Aerosmith,Toys In The Attic,2026-02-27 00:08:27,274,False,1979
Ramon Ayala,Giovannie and the Hired Guns,Tejano Punk Boyz,2026-02-27 00:05:42,168,True,2022
Click Click Boom,Saliva,Back Into Your System,2026-02-26 23:47:49,254,False,2000
Everything Ends,Architects,"The Sky, The Earth & All Between",2026-02-26 23:35:34,220,False,2025
Every Rose Has Its Thorn,Poison,Open Up And Say . . . Ahh!,2026-02-26 23:31:17,258,False,2000
Hunger Strike,Temple of the Dog,Temple Of The Dog,2026-02-26 23:22:54,243,False,1990
Heavy Is the Crown,Linkin Park,From Zero,2026-02-26 23:05:04,167,False,2024
Shine,Collective Soul,"Hints, Allegations & Things Left Unsaid",2026-02-26 22:59:59,306,False,1993
Under the Graveyard,Ozzy Osbourne,Ordinary Man,2026-02-26 22:54:46,299,False,2019
Searchlight,Shinedown,Searchlight,2026-02-26 22:51:15,214,False,2025
Big Empty,Stone Temple Pilots,Purple,2026-02-26 22:46:31,294,False,2012
I Stand Alone,Godsmack,Faceless,2026-02-26 22:37:21,245,False,2002
"Another Brick in the Wall, Pt. 2",Pink Floyd,The Wall,2026-02-26 22:30:06,238,False,2003
I Found Love (When I Found You),Kenny Wayne Shepherd,Trouble Is...,2026-02-26 22:26:02,241,False,1997
Scar Tissue,Red Hot Chili Peppers,Californication,2026-02-26 22:18:47,215,False,2000
Bodies,Drowning Pool,Sinner,2026-02-26 22:15:27,201,False,2001
Damage Case,Metallica,"Garage, Inc.",2026-02-26 22:06:08,220,False,1995
Fight Fire With Fire (Remastered),Metallica,Ride The Lightning (Remastered),2026-02-26 22:01:16,284,False,2009
Voices,Disturbed,The Sickness,2026-02-26 21:57:54,191,True,2000
Ain't No Rest for the Wicked,Cage the Elephant,Cage The Elephant (Expanded Edition),2026-02-26 21:54:59,175,False,2009
Send the Pain Below,Chevelle,Wonder What's Next (Expanded Edition),2026-02-26 21:46:53,252,False,2003
Jeremy,Pearl Jam,Ten,2026-02-26 21:37:41,318,True,2020
End of You,Poppy,End of You,2026-02-26 21:34:30,192,False,2025
Simple Man,Lynyrd Skynyrd,Pronounced 'Leh-'Nérd 'Skin-'Nérd,2026-02-26 21:28:28,355,False,1995
Liar,Jelly Roll,Beautifully Broken,2026-02-26 21:25:10,205,False,2024
If You Could Only See,Tonic,Lemon Parade,2026-02-26 21:21:07,261,False,1996
One Step Closer,Linkin Park,Hybrid Theory,2026-02-26 21:18:27,157,False,2003
Black Hole Sun,Soundgarden,Superunknown,2026-02-26 21:07:21,318,False,1994
Higher,Creed,Human Clay,2026-02-26 20:59:57,325,False,1999
Interstate Love Song,Stone Temple Pilots,Purple,2026-02-26 20:56:33,193,False,2001
Your Favorite Toy,Foo Fighters,Your Favorite Toy,2026-02-26 20:50:02,176,False,2026
Toxicity,System of a Down,Toxicity,2026-02-26 20:46:22,218,False,2001
Sex & Candy,Marcy Playground,Marcy Playground,2026-02-26 20:38:49,172,False,1997
Sweet Child O' Mine,Guns N' Roses,Appetite For Destruction,2026-02-26 20:29:11,355,False,1987
So Called Life,Three Days Grace,EXPLOSIONS,2026-02-26 20:25:45,206,True,2021
Glycerine,Bush,Sixteen Stone,2026-02-26 20:21:33,266,False,1994
Headstrong,Trapt,Trapt,2026-02-26 20:17:37,286,False,2002
Wish You Were Here,Incubus,Morning View,2026-02-26 20:07:25,211,False,2004
Just Pretend,Bad Omens,THE DEATH OF PEACE OF MIND,2026-02-26 20:04:18,204,False,2022
Sad But True,Metallica,Metallica,2026-02-26 19:58:53,324,False,1991
Rockstar,Nickelback,All the Right Reasons,2026-02-26 19:54:27,255,False,2005
Ensenada,Sublime,Ensenada,2026-02-26 19:51:51,155,True,2025
Brain Stew,Green Day,Insomniac,2026-02-26 19:48:40,193,True,2021
Heathens,Twenty One Pilots,Suicide Squad: The Album,2026-02-26 19:39:48,195,False,2016
Hey You,Disturbed,Divisive,2026-02-26 19:30:43,268,True,2022
Lightning Crashes,Live,Throwing Copper,2026-02-26 19:25:21,325,False,1995
Not Falling,Mudvayne,The End Of All Things To Come,2026-02-26 19:21:16,244,False,2002
Hemorrhage (In My Hands),Fuel,Something Like Human,2026-02-26 19:17:28,236,False,2000
Even If It Kills Me,Papa Roach,Even If It Kills Me,2026-02-26 19:07:39,212,False,2024
Last Kiss,Pearl Jam,Lost Dogs,2026-02-26 19:04:25,195,False,2005
Save Me,Shinedown,Us and Them,2026-02-26 19:00:51,213,False,2005
Bullet With Butterfly Wings,Smashing Pumpkins,Mellon Collie And The Infinite Sadness,2026-02-26 18:52:18,256,False,1996
The Diary of Jane,Breaking Benjamin,Phobia,2026-02-26 18:49:02,198,False,2006
Civil War,Guns N' Roses,Use Your Illusion II,2026-02-26 18:34:33,456,False,1993
Everything Ends,Architects,"The Sky, The Earth & All Between",2026-02-26 18:30:57,220,False,2025
Around the World,Red Hot Chili Peppers,Californication,2026-02-26 18:27:00,238,True,2011
Control,Puddle of Mudd,Come Clean,2026-02-26 18:16:26,230,True,2001
The World I Know,Collective Soul,Collective Soul,2026-02-26 18:04:50,257,False,1995
Just Like You,Three Days Grace,Three Days Grace,2026-02-26 18:01:39,186,False,2003
Come As You Are,Nirvana,Nevermind,2026-02-26 17:58:05,218,False,1991
Searchlight,Shinedown,Searchlight,2026-02-26 17:46:46,214,False,2025
Savior,Rise Against,Appeal To Reason,2026-02-26 17:42:47,242,False,2008
Creep,Radiohead,Pablo Honey,2026-02-26 17:38:52,238,True,1992
Re-Align,Godsmack,Faceless,2026-02-26 17:34:36,261,False,2003
Kill The Noise,Papa Roach,Ego Trip,2026-02-26 17:18:55,188,True,2021
Wanted Dead Or Alive,Bon Jovi,Slippery When Wet,2026-02-26 17:14:46,308,False,1986
Photograph,Nickelback,All the Right Reasons,2026-02-26 17:10:45,258,False,2005
Fly Away,Lenny Kravitz,5,2026-02-26 17:07:07,222,False,1999
Boulevard of Broken Dreams,Green Day,American Idiot,2026-02-26 16:57:41,260,True,2005
Wrong Way,Sublime,Sublime,2026-02-26 16:55:11,136,True,1996
Outside,Staind,Break the Cycle,2026-02-26 16:50:20,293,False,2008
Over the Mountain,Ozzy Osbourne,Diary Of A Madman,2026-02-26 16:40:05,271,False,1992
Youth of the Nation,P.O.D.,Satellite,2026-03-11 09:07:53,256,False,2001
Ramon Ayala,Giovannie and the Hired Guns,Tejano Punk Boyz,2026-03-11 08:51:12,168,True,2022
Pardon Me,Incubus,Make Yourself,2026-03-11 08:39:12,224,False,1999
Sweet Child O' Mine,Guns N' Roses,Appetite For Destruction,2026-03-11 08:25:43,355,False,1987
Headstrong,Trapt,Trapt,2026-03-11 08:11:50,286,False,2002
What It's Like,Everlast,Whitey Ford Sings The Blues,2026-03-11 08:01:01,304,False,1998
Another One Bites The Dust,Queen,The Game,2026-03-11 07:57:12,217,False,1980
Rape Me,Nirvana,In Utero,2026-03-11 07:51:12,169,False,1993
So Called Life,Three Days Grace,EXPLOSIONS,2026-03-11 07:40:19,206,True,2006
BURN IT DOWN,Linkin Park,BURN IT DOWN,2026-03-11 07:27:48,231,False,2012
Daughter,Pearl Jam,Vs.,2026-03-11 07:20:26,234,False,1993
Bother,Stone Sour,Stone Sour,2026-03-11 07:01:25,240,True,2006
The Diary of Jane,Breaking Benjamin,Phobia,2026-03-11 06:57:55,198,False,2006
If You Could Only See,Tonic,Lemon Parade,2026-03-11 06:50:38,261,False,1996
Voices In My Head,Falling in Reverse,Popular Monster,2026-03-11 06:40:42,191,True,2017
Bad Man,Disturbed,Divisive,2026-03-11 06:22:15,202,True,2023
Brain Stew,Green Day,Insomniac,2026-03-11 06:19:00,193,True,2021
Flying High Again,Ozzy Osbourne,Diary Of A Madman,2026-03-11 06:09:48,284,False,1981
In Bloom,Nirvana,Nevermind,2026-03-11 05:52:39,254,False,1991
Every Rose Has Its Thorn,Poison,Open Up And Say . . . Ahh!,2026-03-11 05:41:21,258,False,1988
Darkness Settles In,Five Finger Death Punch,F8,2026-03-11 05:32:56,281,True,2020
Enter Sandman,Metallica,Metallica,2026-03-11 05:27:22,331,False,1991
"Sugar, We're Goin Down",Fall Out Boy,From Under The Cork Tree,2026-03-11 05:20:04,232,False,2005
Welcome To The Jungle,Guns N' Roses,Appetite For Destruction,2026-03-11 05:08:33,271,False,1987
Creep,Radiohead,Pablo Honey,2026-03-11 05:01:18,238,True,1992
"Another Brick in the Wall, Pt. 2",Pink Floyd,The Wall,2026-03-11 04:53:05,238,False,1979
Say It Ain't So,Weezer,Weezer,2026-03-11 04:32:10,258,False,1994
Wake Up Calling,Papa Roach,Wake Up Calling,2026-03-11 04:28:13,229,False,2026
Second Chance,Shinedown,The Sound of Madness,2026-03-11 04:24:26,220,False,2008
Heavy Is the Crown,Linkin Park,From Zero,2026-03-11 04:21:39,167,False,2024
Santeria,Sublime,Sublime,2026-03-11 04:18:35,183,False,1996
Water Song/Janie's Got A Gun,Aerosmith,Pump,2026-03-11 04:09:16,333,False,1989
Ramon Ayala,Giovannie and the Hired Guns,Tejano Punk Boyz,2026-03-11 04:06:30,168,True,2022
Monsters (feat. blackbear),All Time Low,"Wake Up, Sunshine",2026-03-11 03:57:50,174,True,2020
Jump Around,House of Pain,House of Pain (Fine Malt Lyrics),2026-03-11 03:54:14,214,False,1992
Stupify,Disturbed,The Sickness,2026-03-11 03:50:07,246,False,2016
LOOK OUT FOR ME,Turnstile,LOOK OUT FOR ME,2026-03-11 03:42:36,403,False,2025
Whatever,Godsmack,Godsmack,2026-03-11 03:39:10,206,True,1998
Something In The Way,Nirvana,Nevermind,2026-03-11 03:31:53,231,False,1991
For I Am Death,The Pretty Reckless,For I Am Death,2026-03-11 03:28:06,219,False,2025
The Kill (Bury Me),Thirty Seconds to Mars,A Beautiful Lie,2026-03-11 03:24:14,231,False,2005
Sweet Dreams (Are Made Of This),Marilyn Manson,Smells Like Children,2026-03-11 03:16:19,293,False,1994
Self Esteem,The Offspring,Smash,2026-03-11 03:00:50,257,False,1994
One Last Breath,Creed,Weathered,2026-03-11 02:56:37,238,False,2001
Back In Black,AC/DC,Back In Black,2026-03-11 02:52:23,253,False,1981
Even Flow,Pearl Jam,Ten,2026-03-11 02:47:28,294,True,1991
Nothin',Guns N' Roses,Nothin',2026-03-11 02:43:04,263,False,2025
Bleed It Out,Linkin Park,Minutes to Midnight,2026-03-11 02:40:19,164,True,2007
Bawitdaba,Kid Rock,Devil Without a Cause,2026-03-11 02:33:52,265,True,2000
Ensenada,Sublime,Ensenada,2026-03-11 02:31:12,155,True,2025
Outside,Staind,Break the Cycle,2026-03-11 02:26:11,293,False,2001
Bad Guy,Falling in Reverse,Popular Monster,2026-03-11 02:23:30,157,True,2024
Wish You Were Here,Incubus,Morning View,2026-03-11 02:19:57,211,False,2001
Cult of Personality (2023 Remaster),Living Colour,Vivid,2026-03-11 02:11:39,294,False,1988
So Called Life,Three Days Grace,EXPLOSIONS,2026-03-11 02:08:12,206,True,2006
Lightning Crashes,Live,Throwing Copper,2026-03-11 02:02:49,325,False,1994
Pale Horse,Chevelle,Bright as Blasphemy,2026-03-11 01:52:40,277,False,2025
Man in the Box,Alice in Chains,Facelift,2026-03-11 01:47:51,286,True,1995
Hurt (Quiet),Nine Inch Nails,Further Down The Spiral,2026-03-11 01:39:42,308,True,1995
Everything Ends,Architects,"The Sky, The Earth & All Between",2026-03-11 01:36:03,220,False,2025
Under the Graveyard,Ozzy Osbourne,Ordinary Man,2026-03-11 01:30:58,299,False,2019
Falling Away from Me,Korn,Issues,2026-03-11 01:23:36,271,True,1999
Civil War,Guns N' Roses,Use Your Illusion II,2026-03-11 01:12:22,456,False,1991
Bad Guy,Falling in Reverse,Popular Monster,2026-03-11 01:09:35,157,True,2024
"Touch, Peel And Stand",Days of the New,Days Of The New,2026-03-11 01:04:37,297,False,1997
Behind Blue Eyes,Limp Bizkit,Behind Blue Eyes,2026-03-11 00:59:51,270,False,2003
Black Dog,Led Zeppelin,Led Zeppelin IV (Remastered),2026-03-11 00:54:58,295,False,1993
Alive,Pearl Jam,Ten,2026-03-11 00:49:14,341,False,1996
Your Favorite Toy,Foo Fighters,Your Favorite Toy,2026-03-11 00:46:11,176,False,2026
Rx (Medicate),Theory of a Deadman,Wake Up Call,2026-03-11 00:42:20,233,True,2017
Pretty Fly (For A White Guy),The Offspring,Americana,2026-03-11 00:34:45,189,False,1998
"Afterlife (from the Netflix Series ""Devil May Cry"")",Evanescence,"Afterlife (from the Netflix Series ""Devil May Cry"")",2026-03-11 00:30:55,249,False,
How You Remind Me,Nickelback,Silver Side Up,2026-03-11 00:27:11,223,False,2001
The Emptiness Machine,Linkin Park,From Zero,2026-03-11 00:24:00,190,True,2024
Voodoo / Hidden Track,Godsmack,Godsmack,2026-03-11 00:19:19,543,False,
"Paint It, Black",The Rolling Stones,Aftermath,2026-03-11 00:10:18,224,False,1990
Dead Don’t Die,Shinedown,Planet Zero,2026-03-11 00:06:58,194,False,2022
Zombie,The Cranberries,Zombie,2026-03-11 00:01:49,307,False,2000
The Unforgiven,Metallica,Metallica,2026-03-10 23:47:04,387,False,2009
Wake Up Calling,Papa Roach,Wake Up Calling,2026-03-10 23:37:01,229,False,2026
Epic,Faith No More,The Real Thing,2026-03-10 23:33:01,293,False,1990
Darkness Settles In,Five Finger Death Punch,F8,2026-03-10 23:28:18,281,True,2020
Rooster (2022 Remaster),Alice in Chains,Dirt,2026-03-10 23:22:13,374,False,1993
Heathens,Twenty One Pilots,Suicide Squad: The Album,2026-03-10 23:19:01,195,False,2016
Killing In the Name,Rage Against the Machine,Rage Against The Machine,2026-03-10 23:07:49,313,True,1994
Just Pretend,Bad Omens,THE DEATH OF PEACE OF MIND,2026-03-10 23:04:45,204,False,2022
Walk,Pantera,Vulgar Display of Power,2026-03-10 22:59:46,315,True,1993
Hunger Strike,Temple of the Dog,Temple Of The Dog,2026-03-10 22:55:34,243,False,1990
With Arms Wide Open,Creed,Human Clay,2026-03-10 22:51:09,278,False,2000
Bad Man,Disturbed,Divisive,2026-03-10 22:41:44,202,True,2023
Lithium,Nirvana,Nevermind,2026-03-10 22:28:17,255,False,1991
Even If It Kills Me,Papa Roach,Even If It Kills Me,2026-03-10 22:24:49,212,False,2025
Around the World,Red Hot Chili Peppers,Californication,2026-03-10 22:20:43,238,True,1999
All Within My Hands,Metallica,St. Anger,2026-03-10 22:06:12,525,False,2003
The Thing That Should Not Be (Remastered),Metallica,Master of Puppets (Remastered),2026-03-10 21:59:49,396,False,1993
For You,Staind,Break the Cycle,2026-03-10 21:56:12,206,True,2001
Nothin',Guns N' Roses,Nothin',2026-03-10 21:51:51,263,False,2025
Boulevard of Broken Dreams,Green Day,American Idiot,2026-03-10 21:47:32,260,True,2004
Sober,TOOL,Undertow,2026-03-10 21:36:45,306,True,1993
Ensenada,Sublime,Ensenada,2026-03-10 21:34:09,155,True,2025
Chop Suey!,System of a Down,Toxicity,2026-03-10 21:21:17,210,False,2002
What It's Like,Everlast,Whitey Ford Sings The Blues,2026-03-10 21:09:25,304,False,1998
Heavy Is the Crown,Linkin Park,From Zero,2026-03-10 21:06:37,167,False,2024
Jeremy,Pearl Jam,Ten,2026-03-10 21:01:26,318,True,1992
Sail,AWOLNATION,RE/Sail,2026-03-10 20:57:13,274,False,2010
So Far So Fake,Pierce the Veil,The Jaws Of Life,2026-03-10 20:53:44,236,False,2023
I Stand Alone,Godsmack,Faceless,2026-03-10 20:49:53,245,False,2002
Big Empty,Stone Temple Pilots,Purple,2026-03-10 20:39:07,294,False,2016
Everything Ends,Architects,"The Sky, The Earth & All Between",2026-03-10 20:35:31,220,False,2025
No More Tears,Ozzy Osbourne,No More Tears (Expanded Edition),2026-03-10 20:29:37,443,False,1996
Kill The Noise,Papa Roach,Ego Trip,2026-03-10 20:26:32,188,True,2021
Sex & Candy,Marcy Playground,Marcy Playground,2026-03-10 20:23:48,172,False,1995
Paralyzer,Finger Eleven,Them vs. You vs. Me,2026-03-10 20:20:12,208,False,2007
Rape Me,Nirvana,In Utero,2026-03-10 20:11:37,169,False,1993
Fade To Black (Remastered),Metallica,Ride The Lightning (Deluxe Remaster),2026-03-10 20:01:06,417,False,2006
"Afterlife (from the Netflix Series ""Devil May Cry"")",Evanescence,"Afterlife (from the Netflix Series ""Devil May Cry"")",2026-03-10 19:57:07,249,False,
MONSTERS,Shinedown,ATTENTION ATTENTION,2026-03-10 19:42:28,248,False,2018
Paradise City,Guns N' Roses,Appetite For Destruction,2026-03-10 19:35:36,406,False,1991
So Called Life,Three Days Grace,EXPLOSIONS,2026-03-10 19:32:14,206,True,2006
The Middle,Jimmy Eat World,Bleed American,2026-03-10 19:29:26,166,False,2001
Alive,P.O.D.,Satellite,2026-03-10 19:25:59,203,False,2001
Hemorrhage (In My Hands),Fuel,Something Like Human,2026-03-10 19:22:11,236,False,2000
Yellow Ledbetter,Pearl Jam,Lost Dogs,2026-03-10 19:07:21,304,False,1996
Through Glass,Stone Sour,Come What(ever) May,2026-03-10 19:02:46,282,False,2007
December,Collective Soul,Collective Soul,2026-03-10 18:54:15,285,False,1995
Remedy,Seether,Karma and Effect,2026-03-10 18:50:46,207,False,2006
Mr. Crowley,Ozzy Osbourne,Blizzard Of Ozz,2026-03-10 18:39:16,296,False,1988
Wake Up Calling,Papa Roach,Wake Up Calling,2026-03-10 18:35:19,229,False,2026
What I Got,Sublime,Sublime,2026-03-10 18:32:11,181,True,1996
Click Click Boom,Saliva,Back Into Your System,2026-03-10 18:19:47,254,False,2000
My Own Prison,Creed,My Own Prison,2026-03-10 18:15:28,295,False,1998
The Emptiness Machine,Linkin Park,From Zero,2026-03-10 18:12:17,190,True,2024
Smooth Criminal,Alien Ant Farm,Anthology,2026-03-10 18:05:54,209,False,2001
Cumbersome,Seven Mary Three,American Standard,2026-03-10 18:02:03,236,False,1995
For I Am Death,The Pretty Reckless,For I Am Death,2026-03-10 17:50:42,219,False,2025
Crazy Bitch,Buckcherry,15,2026-03-10 17:42:43,202,True,2006
Gone Away,The Offspring,Ixnay On The Hombre,2026-03-10 17:38:20,269,False,2008
Sound of Madness,Shinedown,The Sound of Madness,2026-03-10 17:34:28,233,False,2011
She Hates Me,Puddle of Mudd,Come Clean,2026-03-10 17:30:51,216,True,2003
Centuries,Fall Out Boy,American Beauty/American Psycho,2026-03-10 17:14:09,231,False,2014
Wicked Garden,Stone Temple Pilots,Core,2026-03-10 17:10:04,259,False,2014
Just Pretend,Bad Omens,THE DEATH OF PEACE OF MIND,2026-03-10 17:07:00,204,False,2022
Living Dead Girl,Rob Zombie,Hellbilly Deluxe,2026-03-10 16:56:45,201,False,1998
Fade,Staind,Break the Cycle,2026-03-10 16:52:44,242,False,2001
I Stay Away,Alice in Chains,Nothing Safe - The Best Of The Box,2026-03-10 16:48:32,254,False,1994
Darkness Settles In,Five Finger Death Punch,F8,2026-03-10 16:43:51,281,True,2020
Dream On,Aerosmith,Aerosmith,2026-03-10 16:39:28,265,False,1986
You're Going Down,Sick Puppies,Tri-polar,2026-03-10 16:36:22,187,True,2009
Stupify,Disturbed,The Sickness,2026-03-10 16:32:17,246,False,2016
Ensenada,Sublime,Ensenada,2026-03-10 16:29:34,155,True,2025
My Own Worst Enemy,Lit,A Place In The Sun,2026-03-10 16:26:38,178,True,1999
Photograph,Nickelback,All the Right Reasons,2026-03-10 16:22:29,258,False,2005
Even If It Kills Me,Papa Roach,Even If It Kills Me,2026-03-10 16:09:10,212,False,2025
Mary Jane's Last Dance,Tom Petty,Greatest Hits,2026-03-10 16:04:37,273,False,1996
All Apologies,Nirvana,In Utero,2026-03-10 16:00:50,230,False,1993
I Am the Highway,Audioslave,Audioslave,2026-03-10 15:55:04,335,False,2002
Wherever I May Roam,Metallica,Metallica,2026-03-10 15:37:19,404,False,1991
Dead Don’t Die,Shinedown,Planet Zero,2026-03-10 15:33:57,194,False,2022
Footsteps,Pop Evil,UP,2026-03-10 15:25:29,263,False,2015
Fly Away,Lenny Kravitz,5,2026-03-10 15:21:50,222,False,1998
Black,Pearl Jam,Ten,2026-03-10 15:03:16,342,False,1991
Savior,Rise Against,Appeal To Reason,2026-03-10 14:59:17,242,False,2008
Bad Guy,Falling in Reverse,Popular Monster,2026-03-10 14:56:17,157,True,2018
Pardon Me,Incubus,Make Yourself,2026-03-10 14:52:44,224,False,1999
Black Betty,Ram Jam,Ram Jam,2026-03-10 14:38:18,237,False,1977
So Called Life,Three Days Grace,EXPLOSIONS,2026-03-10 14:34:54,206,True,2006
Glycerine,Bush,Sixteen Stone,2026-03-10 14:30:43,266,False,1994
"You're Gonna Go Far, Kid",The Offspring,"Rise And Fall, Rage And Grace",2026-03-10 14:27:43,178,True,2024
Enter Sandman,Metallica,Metallica,2026-03-10 14:22:10,331,False,1991
The Emptiness Machine,Linkin Park,From Zero,2026-03-10 14:10:47,190,True,2024
The World I Know,Collective Soul,Collective Soul,2026-03-10 14:07:00,257,False,1995
45,Shinedown,Leave a Whisper,2026-03-10 14:02:54,249,False,2003
Outside,Staind,Break the Cycle,2026-03-10 13:57:51,293,False,2001
Coming Undone,Korn,See You On the Other Side,2026-03-10 13:41:38,199,False,2005
I Don't Know,Ozzy Osbourne,Blizzard Of Ozz,2026-03-10 13:36:34,314,False,1980
Just Pretend,Bad Omens,THE DEATH OF PEACE OF MIND,2026-03-10 13:33:30,204,False,2022
Man in the Box,Alice in Chains,Facelift,2026-03-10 13:28:41,286,True,2000
Sweet Dreams (Are Made Of This),Marilyn Manson,Smells Like Children,2026-03-10 13:20:26,293,False,1994
Ramon Ayala,Giovannie and the Hired Guns,Tejano Punk Boyz,2026-03-10 13:08:30,168,True,2022
Immigrant Song,Led Zeppelin,Led Zeppelin III,2026-03-10 13:06:06,146,False,1970
Lightning Crashes,Live,Throwing Copper,2026-03-10 13:00:45,325,False,1994
Even If It Kills Me,Papa Roach,Even If It Kills Me,2026-03-10 12:53:12,212,False,2024
I Found Love (When I Found You),Kenny Wayne Shepherd,Trouble Is...,2026-03-10 12:49:07,241,False,1997
Fat Lip,Sum 41,"All Killer, No Filler",2026-03-10 12:39:58,182,True,2001
You Shook Me All Night Long,AC/DC,Back In Black,2026-03-10 12:36:25,208,False,1980
Voices In My Head,Falling in Reverse,Popular Monster,2026-03-10 12:33:14,191,True,2017
Even Flow,Pearl Jam,Ten,2026-03-10 12:28:07,294,True,1991
Bodies,Drowning Pool,Sinner,2026-03-10 12:24:43,201,False,2001
Heavy Is the Crown,Linkin Park,From Zero,2026-03-10 12:11:00,167,False,2024
Nothing Else Matters,Metallica,Metallica,2026-03-10 12:04:31,388,False,1991
Seven Nation Army,The White Stripes,Elephant,2026-03-10 12:00:42,231,False,2003
Plush,Stone Temple Pilots,Core,2026-03-10 11:55:16,313,False,1992
Zombie,Bad Wolves,Disobey,2026-03-10 11:45:14,254,False,2018
Iron Man,Black Sabbath,Paranoid,2026-03-10 11:39:14,355,False,1970
The Man Who Sold The World,Nirvana,MTV Unplugged In New York,2026-03-10 11:31:46,260,False,1994
The Sound of Silence,Disturbed,Immortalized,2026-03-10 11:27:39,248,False,2015
Dead Don’t Die,Shinedown,Planet Zero,2026-03-10 11:13:56,194,False,2022
Alive,Pearl Jam,Ten,2026-03-10 11:03:56,341,False,1991
For Whom The Bell Tolls (Remastered),Metallica,Ride The Lightning (Remastered),2026-03-10 10:52:22,309,False,1984
Bad Guy,Falling in Reverse,Popular Monster,2026-03-10 10:49:43,157,True,2018
Simple Man,Lynyrd Skynyrd,Pronounced 'Leh-'Nérd 'Skin-'Nérd,2026-03-10 10:43:39,355,False,1973
Stressed Out,Twenty One Pilots,Blurryface,2026-03-10 10:40:14,202,False,2015
Wish You Were Here,Incubus,Morning View,2026-03-10 10:36:38,211,False,2001
Bawitdaba,Kid Rock,Devil Without a Cause,2026-03-10 10:29:48,265,True,2000
All My Life,Foo Fighters,One By One (Expanded Edition),2026-03-10 10:25:30,262,False,2002
Welcome To The Jungle,Guns N' Roses,Appetite For Destruction,2026-03-10 10:21:04,271,False,1987
The Emptiness Machine,Linkin Park,From Zero,2026-03-10 10:12:42,190,True,2024
Last Resort,Papa Roach,Infest,2026-03-10 10:03:07,199,False,2004
Feel Good Inc.,Gorillaz,Demon Days,2026-03-10 09:59:07,222,False,2005
Freak On a Leash,Korn,Follow The Leader,2026-03-10 09:53:37,255,True,1999
It's Been Awhile,Staind,Break the Cycle,2026-03-10 09:43:53,264,True,2001
Bad Man,Disturbed,Divisive,2026-03-10 09:33:03,202,True,2023
Last Kiss,Pearl Jam,Lost Dogs,2026-03-10 09:29:47,195,False,1999
Cult of Personality (2023 Remaster),Living Colour,Vivid,2026-03-10 09:21:29,294,False,1988
"Touch, Peel And Stand",Days of the New,Days Of The New,2026-03-10 08:39:03,297,False,1997
Darkness Settles In,Five Finger Death Punch,F8,2026-03-10 08:11:10,281,True,2020
Higher,Creed,Human Clay,2026-03-10 08:03:04,325,False,1999
Over the Hills and Far Away,Led Zeppelin,Houses of the Holy,2026-03-10 07:58:03,290,False,1989
Comedown,Bush,Sixteen Stone,2026-03-10 07:50:52,326,False,1994
Ramon Ayala,Giovannie and the Hired Guns,Tejano Punk Boyz,2026-03-10 07:41:54,168,True,2022
Like a Stone,Audioslave,Audioslave,2026-03-10 07:33:49,294,False,2003
Epic,Faith No More,The Real Thing,2026-03-10 07:29:45,293,False,1989
My Way,Limp Bizkit,Greatest Hitz,2026-03-10 07:21:45,273,True,2004
Kill The Noise,Papa Roach,Ego Trip,2026-03-10 07:09:36,188,True,2021
Blurry,Puddle of Mudd,Come Clean,2026-03-10 07:01:52,303,False,2001
The Kids Aren't Alright,The Offspring,Americana,2026-03-10 06:58:37,180,False,1999
Hurt,Johnny Cash,American IV: The Man Comes Around,2026-03-10 06:53:17,216,False,2002
Dead Don’t Die,Shinedown,Planet Zero,2026-03-10 06:50:01,194,False,2022
Pour Some Sugar On Me,Def Leppard,Hysteria,2026-03-10 06:45:30,265,False,1987
Breaking the Habit,Linkin Park,Meteora,2026-03-10 06:35:41,196,False,2004
So Called Life,Three Days Grace,EXPLOSIONS,2026-03-10 06:23:13,206,True,2006
Shine,Collective Soul,"Hints, Allegations & Things Left Unsaid",2026-03-10 06:17:49,306,False,1993
She Talks To Angels,The Black Crowes,Shake Your Money Maker,2026-03-10 06:08:58,330,False,1992
Angels Fall,Breaking Benjamin,Dark Before Dawn,2026-03-10 05:56:48,229,False,2015
Californication,Red Hot Chili Peppers,Californication,2026-03-10 05:49:46,329,False,2000
Voices In My Head,Falling in Reverse,Popular Monster,2026-03-10 05:31:05,191,True,2017
Boulevard of Broken Dreams,Green Day,American Idiot,2026-03-10 05:19:50,260,True,2004
Smells Like Teen Spirit,Nirvana,Nevermind,2026-03-10 05:03:55,301,False,1991
Youth of the Nation,P.O.D.,Satellite,2026-03-10 04:59:36,256,False,2001
One,Creed,My Own Prison,2026-03-10 04:55:13,302,False,1999
What I Got,Sublime,Sublime,2026-03-10 04:52:18,181,True,1996
Send the Pain Below,Chevelle,Wonder What's Next (Expanded Edition),2026-03-10 04:48:05,252,False,2002
So Far So Fake,Pierce the Veil,The Jaws Of Life,2026-03-10 04:44:37,236,False,2023
Sad But True,Metallica,Metallica,2026-03-10 04:39:13,324,False,1991
Daughter,Pearl Jam,Vs.,2026-03-10 04:32:26,234,False,1993
So Far Away,Staind,14 Shades of Grey,2026-03-10 04:24:32,244,False,2003
Dragula,Rob Zombie,Hellbilly Deluxe,2026-03-10 04:17:43,222,False,1998
No More Tears,Ozzy Osbourne,No More Tears (Expanded Edition),2026-03-10 04:07:58,443,False,1996
Spoonman,Soundgarden,Telephantasm,2026-03-10 04:00:45,246,False,1994
One Step Closer,Linkin Park,Hybrid Theory,2026-03-10 03:57:51,157,False,2007
Wanted Dead Or Alive,Bon Jovi,Slippery When Wet,2026-03-10 03:53:39,308,False,1988
What It's Like,Everlast,Whitey Ford Sings The Blues,2026-03-10 03:48:38,304,False,1998
Would? (2022 Remaster),Alice in Chains,Dirt,2026-03-10 03:35:43,208,False,1993
"Afterlife (from the Netflix Series ""Devil May Cry"")",Evanescence,"Afterlife (from the Netflix Series ""Devil May Cry"")",2026-03-10 03:31:55,249,False,
Save Me,Shinedown,Us and Them,2026-03-10 03:28:15,213,False,2005
Even If It Kills Me,Papa Roach,Even If It Kills Me,2026-03-10 03:24:41,212,False,2024
Around the World,Red Hot Chili Peppers,Californication,2026-03-10 03:20:38,238,True,1999
Paradise City,Guns N' Roses,Appetite For Destruction,2026-03-10 03:07:57,406,False,1991
Darkness Settles In,Five Finger Death Punch,F8,2026-03-10 03:03:11,281,True,2020
Good Riddance (Time of Your Life),Green Day,Nimrod,2026-03-10 03:00:43,153,True,1998
Harvester of Sorrow (Remastered),Metallica,...And Justice for All (Remastered Deluxe Box Set),2026-03-10 02:54:36,345,False,1991
All Apologies,Nirvana,In Utero,2026-03-10 02:50:49,230,False,1993
Rockstar,Nickelback,All the Right Reasons,2026-03-10 02:46:37,255,False,2005
Your Favorite Toy,Foo Fighters,Your Favorite Toy,2026-03-10 02:43:38,176,False,2026
My Own Prison,Creed,My Own Prison,2026-03-10 02:39:23,295,False,1998
Killing In the Name,Rage Against the Machine,Rage Against The Machine,2026-03-10 02:32:49,313,True,1994
Wake Up Calling,Papa Roach,Wake Up Calling,2026-03-10 02:28:52,229,False,2026
Duality,Slipknot,Antennas to Hell,2026-03-10 02:25:17,252,False,
Ramon Ayala,Giovannie and the Hired Guns,Tejano Punk Boyz,2026-03-10 02:22:24,168,True,2022
Rollin' (Air Raid Vehicle),Limp Bizkit,Chocolate Starfish And The Hot Dog Flavored Water,2026-03-10 02:18:51,214,False,2000
Sweet Home Alabama,Lynyrd Skynyrd,Second Helping,2026-03-10 02:09:51,284,False,1996
Heavy Is the Crown,Linkin Park,From Zero,2026-03-10 02:07:04,167,False,2024
Gone Away,The Offspring,Ixnay On The Hombre,2026-03-10 02:02:41,269,False,1998
Straight Out Of Line,Godsmack,Faceless,2026-03-10 01:58:30,259,False,2003
Another One Bites The Dust,Queen,The Game,2026-03-10 01:54:55,217,False,1980
Cumbersome,Seven Mary Three,American Standard,2026-03-10 01:50:57,236,False,1995
LOOK OUT FOR ME,Turnstile,LOOK OUT FOR ME,2026-03-10 01:47:35,403,False,2025
Sail,AWOLNATION,RE/Sail,2026-03-10 01:43:36,274,False,2010
For I Am Death,The Pretty Reckless,For I Am Death,2026-03-10 01:30:45,219,False,2025
Meant to Live,Switchfoot,The Beautiful Letdown (Deluxe Version),2026-03-10 01:27:36,205,False,2004
The Man Who Sold The World,Nirvana,MTV Unplugged In New York,2026-03-10 01:20:13,260,False,1994
The World I Know,Collective Soul,Collective Soul,2026-03-10 01:02:19,257,False,1995
Down In A Hole (2022 Remaster),Alice in Chains,Dirt,2026-03-10 00:56:33,338,False,1996
Centuries,Fall Out Boy,American Beauty/American Psycho,2026-03-10 00:52:44,231,False,2014
Pale Horse,Chevelle,Bright as Blasphemy,2026-03-10 00:48:08,277,False,2025
For Whom The Bell Tolls (Remastered),Metallica,Ride The Lightning (Remastered),2026-03-10 00:43:03,309,False,1984
Plush,Stone Temple Pilots,Core,2026-03-10 00:33:36,313,False,1992
Ensenada,Sublime,Ensenada,2026-03-10 00:30:54,155,True,2025
Liar,Jelly Roll,Beautifully Broken,2026-03-10 00:23:37,205,False,2024
She Hates Me,Puddle of Mudd,Come Clean,2026-03-10 00:19:58,216,True,2003
Bad Guy,Falling in Reverse,Popular Monster,2026-03-10 00:06:44,157,True,2018
Black,Pearl Jam,Ten,2026-03-10 00:00:59,342,False,1991
Semi-Charmed Life,Third Eye Blind,Third Eye Blind,2026-03-09 23:57:02,268,False,1998
Nothin',Guns N' Roses,Nothin',2026-03-09 23:52:32,263,False,2025
Prayer,Disturbed,Believe,2026-03-09 23:48:54,218,False,2002
Everything Ends,Architects,"The Sky, The Earth & All Between",2026-03-09 23:34:45,220,False,2025
Sweet Emotion,Aerosmith,Toys In The Attic,2026-03-09 23:30:08,274,False,1991
In Bloom,Nirvana,Nevermind,2026-03-09 23:22:57,254,False,1991
Falling Away from Me,Korn,Issues,2026-03-09 23:06:41,271,True,1999
Bad Guy,Falling in Reverse,Popular Monster,2026-03-09 23:04:02,157,True,2018
I Found Love (When I Found You),Kenny Wayne Shepherd,Trouble Is...,2026-03-09 23:00:00,241,False,1997
Wake Up Calling,Papa Roach,Wake Up Calling,2026-03-09 22:55:52,229,False,2026
Glycerine,Bush,Sixteen Stone,2026-03-09 22:51:42,266,False,1994
Second Chance,Shinedown,The Sound of Madness,2026-03-09 22:47:59,220,False,2008
So Called Life,Three Days Grace,EXPLOSIONS,2026-03-09 22:38:55,206,True,2006
If You Could Only See,Tonic,Lemon Parade,2026-03-09 22:27:37,261,False,1996
Just Pretend,Bad Omens,THE DEATH OF PEACE OF MIND,2026-03-09 22:24:32,204,False,2022
The Kill (Bury Me),Thirty Seconds to Mars,A Beautiful Lie,2026-03-09 22:15:46,231,False,2005
Of Wolf And Man,Metallica,Metallica,2026-03-09 22:04:33,256,False,1993
Motorbreath (Remastered),Metallica,Kill 'Em All (Deluxe Remaster),2026-03-09 22:01:27,187,False,1996
Basket Case,Green Day,Dookie,2026-03-09 21:58:19,181,False,1994
So Far So Fake,Pierce the Veil,The Jaws Of Life,2026-03-09 21:54:51,236,False,2023
Crazy Bitch,Buckcherry,15,2026-03-09 21:51:33,202,True,2006
Santeria,Sublime,Sublime,2026-03-09 21:48:22,183,False,1996
"Afterlife (from the Netflix Series ""Devil May Cry"")",Evanescence,"Afterlife (from the Netflix Series ""Devil May Cry"")",2026-03-09 21:39:55,249,False,
Voices In My Head,Falling in Reverse,Popular Monster,2026-03-09 21:29:05,191,True,2017
Someday,Nickelback,The Long Road,2026-03-09 21:22:15,207,False,2003
Even If It Kills Me,Papa Roach,Even If It Kills Me,2026-03-09 21:05:55,212,False,2024
Something In The Way,Nirvana,Nevermind,2026-03-09 21:02:12,231,False,1991
Closer,Nine Inch Nails,The Downward Spiral,2026-03-09 20:57:32,373,True,1994
One Last Breath,Creed,Weathered,2026-03-09 20:50:32,238,False,2001
I Stay Away,Alice in Chains,Nothing Safe - The Best Of The Box,2026-03-09 20:46:14,254,False,1994
For I Am Death,The Pretty Reckless,For I Am Death,2026-03-09 20:36:28,219,False,2025
Back In Black,AC/DC,Back In Black,2026-03-09 20:32:13,253,False,1981
Bad Man,Disturbed,Divisive,2026-03-09 20:28:51,202,True,2023
Alive,Pearl Jam,Ten,2026-03-09 20:23:11,341,False,1991
Behind Blue Eyes,Limp Bizkit,Behind Blue Eyes,2026-03-09 20:18:38,270,False,2003
Heavy Is the Crown,Linkin Park,From Zero,2026-03-09 20:03:24,167,False,2024
Sweet Dreams (Are Made Of This),Marilyn Manson,Smells Like Children,2026-03-09 19:58:50,293,False,1994
Cold,Crossfade,Cheap Date,2026-03-09 19:55:20,198,False,2003
Ramon Ayala,Giovannie and the Hired Guns,Tejano Punk Boyz,2026-03-09 19:52:34,168,True,2022
Self Esteem,The Offspring,Smash,2026-03-09 19:48:18,257,False,1994
Headstrong,Trapt,Trapt,2026-03-09 19:38:50,286,False,2002
Fine Again,Seether,Disclaimer,2026-03-09 19:26:44,244,False,2002
Never Too Late,Three Days Grace,One-X,2026-03-09 19:23:16,209,False,2006
Otherside,Red Hot Chili Peppers,Californication,2026-03-09 19:19:00,255,False,1999
Re-Align,Godsmack,Faceless,2026-03-09 19:04:44,261,False,2003
Stupify,Disturbed,The Sickness,2026-03-09 19:00:39,246,False,2016
Liar,Jelly Roll,Beautifully Broken,2026-03-09 18:53:31,205,False,2024
Aerials,System of a Down,Toxicity,2026-03-09 18:45:55,237,False,2001
Welcome To The Jungle,Guns N' Roses,Appetite For Destruction,2026-03-09 18:35:17,271,False,1987
Everything Ends,Architects,"The Sky, The Earth & All Between",2026-03-09 18:31:39,220,False,2025
Jeremy,Pearl Jam,Ten,2026-03-09 18:26:27,318,True,1992
Brain Stew,Green Day,Insomniac,2026-03-09 18:16:13,193,True,2021
Bad Guy,Falling in Reverse,Popular Monster,2026-03-09 18:13:32,157,True,2018
Like a Stone,Audioslave,Audioslave,2026-03-09 18:08:37,294,False,2002
Radioactive,Imagine Dragons,Night Visions,2026-03-09 18:05:31,187,False,2012
Dead & Bloated,Stone Temple Pilots,Core,2026-03-09 18:00:24,310,False,1992
Wake Up Calling,Papa Roach,Wake Up Calling,2026-03-09 17:47:53,229,False,2026
Higher,Creed,Human Clay,2026-03-09 17:39:41,325,False,1999
Man in the Box,Alice in Chains,Facelift,2026-03-09 17:30:54,286,True,2000
Black Dog,Led Zeppelin,Led Zeppelin IV (Remastered),2026-03-09 17:18:13,295,False,1971
Heathens,Twenty One Pilots,Suicide Squad: The Album,2026-03-09 17:15:05,195,False,2016
Pardon Me,Incubus,Make Yourself,2026-03-09 17:11:43,224,False,1999
The Emptiness Machine,Linkin Park,From Zero,2026-03-09 17:08:35,190,True,2024
Smells Like Teen Spirit,Nirvana,Nevermind,2026-03-09 17:03:36,301,False,1991
So Cold,Breaking Benjamin,We Are Not Alone,2026-03-09 16:59:50,273,False,2004
Monsters (feat. blackbear),All Time Low,"Wake Up, Sunshine",2026-03-09 16:56:41,174,True,2020
Master Of Puppets (Remastered),Metallica,Master of Puppets (Remastered),2026-03-09 16:48:10,515,False,1986
So Called Life,Three Days Grace,EXPLOSIONS,2026-03-09 16:44:48,206,True,2006
"Paint It, Black",The Rolling Stones,Aftermath,2026-03-09 16:41:29,224,False,1966
Here Without You,3 Doors Down,Away From The Sun,2026-03-09 16:37:37,237,False,2002
"Afterlife (from the Netflix Series ""Devil May Cry"")",Evanescence,"Afterlife (from the Netflix Series ""Devil May Cry"")",2026-03-09 16:28:43,249,False,2025
Daughter,Pearl Jam,Vs.,2026-03-09 16:25:04,234,False,1993
Rx (Medicate),Theory of a Deadman,Wake Up Call,2026-03-09 16:21:05,233,True,2014
Just Pretend,Bad Omens,THE DEATH OF PEACE OF MIND,2026-03-09 16:09:01,204,False,2022
Crazy Train,Ozzy Osbourne,Blizzard Of Ozz,2026-03-09 16:04:15,290,False,1980
Shine,Collective Soul,"Hints, Allegations & Things Left Unsaid",2026-03-09 15:59:06,306,False,1993
Comedown,Bush,Sixteen Stone,2026-03-09 15:53:29,326,False,1994
Alive,P.O.D.,Satellite,2026-03-09 15:49:55,203,False,2001
Big Empty,Stone Temple Pilots,Purple,2026-03-09 15:38:05,294,False,1994
Epic,Faith No More,The Real Thing,2026-03-09 15:34:08,293,False,1989
Even If It Kills Me,Papa Roach,Even If It Kills Me,2026-03-09 15:30:36,212,False,2024
Lithium,Nirvana,Nevermind,2026-03-09 15:26:23,255,False,1991
"Sugar, We're Goin Down",Fall Out Boy,From Under The Cork Tree,2026-03-09 15:22:45,232,False,2005
Bullet With Butterfly Wings,Smashing Pumpkins,Mellon Collie And The Infinite Sadness,2026-03-09 15:08:49,256,False,1995
Black Hole Sun,Soundgarden,Superunknown,2026-03-09 15:00:13,318,False,1994
For You,Staind,Break the Cycle,2026-03-09 14:42:26,206,True,2001
Knockin' On Heaven's Door,Guns N' Roses,Days Of Thunder,2026-03-09 14:36:45,336,False,1991
Heavy Is the Crown,Linkin Park,From Zero,2026-03-09 14:33:57,167,False,2024
Gone Away,The Offspring,Ixnay On The Hombre,2026-03-09 14:29:38,269,False,1997
How You Remind Me,Nickelback,Silver Side Up,2026-03-09 14:25:56,223,False,2001
Hurt (Quiet),Nine Inch Nails,Further Down The Spiral,2026-03-09 14:21:12,308,True,1994
Kill The Noise,Papa Roach,Ego Trip,2026-03-09 14:09:59,188,True,2021
We Will Rock You,Queen,News of the World,2026-03-09 14:04:57,123,False,1977
Under the Bridge,Red Hot Chili Peppers,Blood Sugar Sex Magik,2026-03-09 14:00:29,264,False,1991
Send the Pain Below,Chevelle,Wonder What's Next (Expanded Edition),2026-03-09 13:56:09,252,False,2002
Break Stuff,Limp Bizkit,Significant Other,2026-03-09 13:49:27,167,False,2000
Ain't No Rest for the Wicked,Cage the Elephant,Cage The Elephant (Expanded Edition),2026-03-09 13:40:54,175,False,2008
Pour Some Sugar On Me,Def Leppard,Hysteria,2026-03-09 13:36:27,265,False,1987
Dead Don’t Die,Shinedown,Planet Zero,2026-03-09 13:33:12,194,False,2022
Yellow Ledbetter,Pearl Jam,Lost Dogs,2026-03-09 13:28:11,304,False,1992
Not Falling,Mudvayne,The End Of All Things To Come,2026-03-09 13:24:03,244,False,2001
When I Come Around,Green Day,Dookie,2026-03-09 13:21:03,178,False,1994
Bad Guy,Falling in Reverse,Popular Monster,2026-03-09 13:10:47,157,True,2018
December,Collective Soul,Collective Soul,2026-03-09 13:06:05,285,False,1995
Under the Graveyard,Ozzy Osbourne,Ordinary Man,2026-03-09 13:01:03,299,False,2019
Paralyzer,Finger Eleven,Them vs. You vs. Me,2026-03-09 12:57:17,208,False,2007
Darkness Settles In,Five Finger Death Punch,F8,2026-03-09 12:52:33,281,True,2020
Hemorrhage (In My Hands),Fuel,Something Like Human,2026-03-09 12:48:38,236,False,2000
With Arms Wide Open,Creed,Human Clay,2026-03-09 12:37:49,278,False,2000
Mary Jane's Last Dance,Tom Petty,Greatest Hits,2026-03-09 12:33:12,273,False,1993
The Emptiness Machine,Linkin Park,From Zero,2026-03-09 12:30:02,190,True,2024
Cumbersome,Seven Mary Three,American Standard,2026-03-09 12:26:03,236,False,1994
Feel Good Inc.,Gorillaz,Demon Days,2026-03-09 12:22:20,222,False,2005
Dragula,Rob Zombie,Hellbilly Deluxe,2026-03-09 12:18:29,222,False,1998
Bad Man,Disturbed,Divisive,2026-03-09 12:07:43,202,True,2023
Hard To Handle,The Black Crowes,Shake Your Money Maker,2026-03-09 12:04:33,188,False,1990
Black,Pearl Jam,Ten,2026-03-09 11:58:52,342,False,1991
Wherever I May Roam,Metallica,Metallica,2026-03-09 11:52:02,404,False,1991
Tuesday's Gone,Lynyrd Skynyrd,Lynyrd Skynyrd,2026-03-09 11:35:40,452,False,1987
Ramon Ayala,Giovannie and the Hired Guns,Tejano Punk Boyz,2026-03-09 11:32:57,168,True,2022
The Kids Aren't Alright,The Offspring,Americana,2026-03-09 11:29:59,180,False,1999
Riot,Three Days Grace,One-X,2026-03-09 11:26:35,207,True,2006
Down In A Hole (2022 Remaster),Alice in Chains,Dirt,2026-03-09 11:21:01,338,False,1996
Even If It Kills Me,Papa Roach,Even If It Kills Me,2026-03-09 11:10:16,212,False,2024
She Hates Me,Puddle of Mudd,Come Clean,2026-03-09 11:06:31,216,True,2003
Fade,Staind,Break the Cycle,2026-03-09 11:02:21,242,False,2001
Fake It,Seether,Finding Beauty In Negative Spaces,2026-03-09 10:52:37,194,False,2007
The Middle,Jimmy Eat World,Bleed American,2026-03-09 10:49:50,166,False,2001
Heavy Is the Crown,Linkin Park,From Zero,2026-03-09 10:47:03,167,False,2024
"Another Brick in the Wall, Pt. 2",Pink Floyd,The Wall,2026-03-09 10:42:53,238,False,1979
Toxicity,System of a Down,Toxicity,2026-03-09 10:39:07,218,False,2002
All Apologies,Nirvana,In Utero,2026-03-09 10:35:16,230,False,1993
Stricken,Disturbed,Ten Thousand Fists,2026-03-09 10:21:12,245,False,2005
Highway to Hell,AC/DC,Highway to Hell,2026-03-09 10:17:40,206,False,1991
Lose Yourself,Eminem,8 Mile,2026-03-09 10:13:19,321,False,2002
Simple Man,Shinedown,Leave a Whisper,2026-03-09 10:04:17,265,False,2004
Killing In the Name,Rage Against the Machine,Rage Against The Machine,2026-03-09 09:59:39,313,True,1991
Rollin' (Air Raid Vehicle),Limp Bizkit,Chocolate Starfish And The Hot Dog Flavored Water,2026-03-09 09:55:49,214,False,2000
I Found Love (When I Found You),Kenny Wayne Shepherd,Trouble Is...,2026-03-09 09:41:43,241,False,1997
Darkness Settles In,Five Finger Death Punch,F8,2026-03-09 09:34:58,281,True,2020
Fly Away,Lenny Kravitz,5,2026-03-09 09:31:18,222,False,1998
Dream On,Aerosmith,Aerosmith,2026-03-09 09:23:43,265,False,1986
Through Glass,Stone Sour,Come What(ever) May,2026-03-09 09:12:48,282,False,2007
Kill The Noise,Papa Roach,Ego Trip,2026-03-09 09:09:41,188,True,2021
Plush,Stone Temple Pilots,Core,2026-03-09 09:01:59,313,False,1992
Around the World,Red Hot Chili Peppers,Californication,2026-03-09 08:44:36,238,True,1999
So Called Life,Three Days Grace,EXPLOSIONS,2026-03-09 08:37:52,206,True,2006
Nothing Else Matters,Metallica,Metallica,2026-03-09 08:31:32,388,False,1991
Straight Out Of Line,Godsmack,Faceless,2026-03-09 08:11:27,259,False,2003
Liar,Jelly Roll,Beautifully Broken,2026-03-09 08:08:06,205,False,2024
Hunger Strike,Temple of the Dog,Temple Of The Dog,2026-03-09 08:01:58,243,False,1990
I Don't Know,Ozzy Osbourne,Blizzard Of Ozz,2026-03-09 07:56:47,314,False,1980
The Man Who Sold The World,Nirvana,MTV Unplugged In New York,2026-03-09 07:51:30,260,False,1994
MONSTERS,Shinedown,ATTENTION ATTENTION,2026-03-09 07:40:08,248,False,2018
Good Riddance (Time of Your Life),Green Day,Nimrod,2026-03-09 07:35:44,153,True,1998
Paradise City,Guns N' Roses,Appetite For Destruction,2026-03-09 07:25:36,406,False,2022
Voices In My Head,Falling in Reverse,Popular Monster,2026-03-09 07:22:16,191,True,2017
Bad Man,Disturbed,Divisive,2026-03-09 07:07:04,202,True,2023
Lying from You,Linkin Park,Meteora,2026-03-09 07:01:37,175,False,2003
Chop Suey!,System of a Down,Toxicity,2026-03-09 06:57:52,210,False,2002
Immigrant Song,Led Zeppelin,Led Zeppelin III,2026-03-09 06:47:09,146,False,1970
For Whom The Bell Tolls (Remastered),Metallica,Ride The Lightning (Remastered),2026-03-09 06:38:35,309,False,1984
Centuries,Fall Out Boy,American Beauty/American Psycho,2026-03-09 06:34:43,231,False,2014
Darkness Settles In,Five Finger Death Punch,F8,2026-03-09 06:20:09,281,True,2020
Sex & Candy,Marcy Playground,Marcy Playground,2026-03-09 06:17:23,172,False,1995
Bohemian Rhapsody,Queen,A Night At The Opera,2026-03-09 06:09:14,358,False,1979
Wish You Were Here,Incubus,Morning View,2026-03-09 05:57:21,211,False,2001
Kill The Noise,Papa Roach,Ego Trip,2026-03-09 05:39:14,188,True,2021
Stressed Out,Twenty One Pilots,Blurryface,2026-03-09 05:28:49,202,False,2015
Brain Damage,Pink Floyd,The Dark Side of the Moon,2026-03-09 05:14:54,226,False,1990
Ramon Ayala,Giovannie and the Hired Guns,Tejano Punk Boyz,2026-03-09 05:12:08,168,True,2022
Sober,TOOL,Undertow,2026-03-09 05:04:31,306,True,1994
Keep Away,Godsmack,Godsmack,2026-03-09 05:00:08,290,False,1998
Soul to Squeeze,Red Hot Chili Peppers,Greatest Hits,2026-03-09 04:55:18,289,False,2001
My Way,Limp Bizkit,Greatest Hitz,2026-03-09 04:50:42,273,True,2004
Your Favorite Toy,Foo Fighters,Your Favorite Toy,2026-03-09 04:47:42,176,False,2026
If You Could Only See,Tonic,Lemon Parade,2026-03-09 04:43:34,261,False,1996
Like a Stone,Audioslave,Audioslave,2026-03-09 04:33:35,294,False,2002
For I Am Death,The Pretty Reckless,For I Am Death,2026-03-09 04:29:45,219,False,2025
Believer,Imagine Dragons,Evolve,2026-03-09 04:26:21,202,False,2017
Dead Don’t Die,Shinedown,Planet Zero,2026-03-09 04:23:04,194,False,2022
Wicked Garden,Stone Temple Pilots,Core,2026-03-09 04:18:56,259,False,2014
No More Tears,Ozzy Osbourne,No More Tears (Expanded Edition),2026-03-09 04:08:14,443,False,1993
Bad Guy,Falling in Reverse,Popular Monster,2026-03-09 04:05:31,157,True,2018
Brain Stew,Green Day,Insomniac,2026-03-09 04:02:17,193,True,2021
I Won't Back Down,Tom Petty,Full Moon Fever,2026-03-09 03:59:07,176,False,1992
Jeremy,Pearl Jam,Ten,2026-03-09 03:53:52,318,True,1992
Pale Horse,Chevelle,Bright as Blasphemy,2026-03-09 03:49:19,277,False,2025
Living Dead Girl,Rob Zombie,Hellbilly Deluxe,2026-03-09 03:36:16,201,False,1998
The Diary of Jane,Breaking Benjamin,Phobia,2026-03-09 03:30:16,198,False,2006
The Emptiness Machine,Linkin Park,From Zero,2026-03-09 03:27:03,190,True,2024
Freak On a Leash,Korn,Follow The Leader,2026-03-09 03:23:19,255,True,1999
Every Rose Has Its Thorn,Poison,Open Up And Say . . . Ahh!,2026-03-09 03:14:25,258,False,1988
Shine,Collective Soul,"Hints, Allegations & Things Left Unsaid",2026-03-09 03:05:49,306,False,1993
Comedown,Bush,Sixteen Stone,2026-03-09 03:00:07,326,False,1994
Footsteps,Pop Evil,UP,2026-03-09 02:56:14,263,False,2015
So Far So Fake,Pierce the Veil,The Jaws Of Life,2026-03-09 02:52:40,236,False,2023
Scar Tissue,Red Hot Chili Peppers,Californication,2026-03-09 02:49:00,215,False,2000
Rooster (2022 Remaster),Alice in Chains,Dirt,2026-03-09 02:37:39,374,False,1993
Boulevard of Broken Dreams,Green Day,American Idiot,2026-03-09 02:29:31,260,True,2004
Bad Man,Disturbed,Divisive,2026-03-09 02:26:06,202,True,2023
The Unforgiven,Metallica,Metallica,2026-03-09 02:19:45,387,False,2009
Sweet Child O' Mine,Guns N' Roses,Appetite For Destruction,2026-03-09 02:11:19,355,False,1987
45,Shinedown,Leave a Whisper,2026-03-09 01:59:45,249,False,2003
Numb,Linkin Park,Meteora,2026-03-09 01:46:11,187,False,2003
Insane in the Brain,Cypress Hill,Black Sunday,2026-03-09 01:38:12,213,True,2000
"Afterlife (from the Netflix Series ""Devil May Cry"")",Evanescence,"Afterlife (from the Netflix Series ""Devil May Cry"")",2026-03-09 01:34:24,249,False,2025
Photograph,Nickelback,All the Right Reasons,2026-03-09 01:30:20,258,False,2005
Even If It Kills Me,Papa Roach,Even If It Kills Me,2026-03-09 01:26:47,212,False,2024
Creep,Stone Temple Pilots,Core,2026-03-09 01:21:16,334,False,1992
Cult of Personality (2023 Remaster),Living Colour,Vivid,2026-03-09 01:12:34,294,False,1988
Darkness Settles In,Five Finger Death Punch,F8,2026-03-09 01:07:48,281,True,2020
Under the Bridge,Red Hot Chili Peppers,Blood Sugar Sex Magik,2026-03-09 01:03:22,264,False,1991
Antivist,Bring Me the Horizon,Sempiternal,2026-03-09 00:56:11,193,True,2013
Slaughtered,Pantera,Far Beyond Driven,2026-03-09 00:47:31,237,True,1994
Raining Blood,Slayer,Reign In Blood,2026-03-09 00:38:22,254,False,2003
Over The Top,Motörhead,The Wörld Is Ours - Vol 1 Everywhere Further Than Everyplace Else,2026-03-09 00:32:56,155,False,2010
CLONE,Gojira,Terra Incognita,2026-03-09 00:27:41,298,False,2005
Date With Poverty,Metal Church,The Human Factor,2026-03-09 00:17:32,318,False,1991
Bad Listener,Beartooth,Disease (Deluxe Edition),2026-03-09 00:06:21,208,False,2018
Countdown to Extinction,Megadeth,Countdown to Extinction (Deluxe Edition),2026-03-09 00:02:02,257,False,1992
